Talker,Vowel,Token,Trial,Location,Quantity,F1,F2,cumulative_probability_F1F2
SW_001,ee1,3,13,65,long,477.03,2148.63,0.000385005064046977
SW_001,ee1,5,15,50,long,363.101882795747,2720.6064499409,0.00855251130883167
SW_001,ii1,5,25,65,long,419.018236192996,2365.1,9.51077780949732e-05
SW_001,oo1,3,33,35,long,421.296127545523,788.98,0.000335403863148791
SW_001,uh1,2,46,35,short,410.822626562026,1146.75331,0.00191077546927669
SW_001,yh1,3,57,65,short,382.867178928898,2479.794,0.00552385305302321
SW_001,ae1,2,61,50,long,836.14,2001.3309,0.000118042961263837
SW_001,{,3,77,50,short,680.686913789706,2128.010,0.00886483015515174
SW_001,oah1,5,89,35,short,448.807601021797,816.56,0.00709295690942997
SW_001,oah1,5,89,65,short,419.26232647432,973.188633070796,0.00241899876437781
SW_001,oe1,4,93,35,long,566.448598724813,1707.06454160919,0.00532602249675394
SW_001,oe1,4,93,65,long,624.095939686575,1634.62613053935,0.00568464312393589
SW_001,9,2,106,35,short,632.617192074254,1498.58,0.00661757420159409
SW_002,aa1,4,113,65,long,608.65,1161.997,0.00721106445523302
SW_002,aa1,5,114,65,long,580.33,1134.46274324439,0.0092130384699139
SW_002,ah1,7,126,65,short,881.123,1498.62,0.00290461459577638
SW_002,ah1,9,128,35,short,848.5,1537.56,9.3201586575114e-05
SW_002,ee1,5,133,65,long,486.69,2107.386,0.00875018500358903
SW_002,ee1,8,136,35,long,414.5,2835.15,5.95817283384721e-07
SW_002,eh1,2,140,65,short,747.252,1959.65,1.11882294783575e-06
SW_002,eh1,14,242,50,short,788.014296921225,2197.8,0.001651963097691
SW_002,eh1,15,243,50,short,793.8718,1981.21,0.0016514274512172
SW_002,ii1,6,154,50,long,441.53,2020.12,0.00140961345530172
SW_002,ii1,8,156,65,long,367.60720518032,1904.799,4.83666097218758e-05
SW_002,ih1,1,159,65,short,419.13,2715.123,0.0077182128755123
SW_002,ih1,7,165,65,short,380.17747350014,2824.1,0.00534009587242175
SW_002,ih1,8,166,35,short,437.433357062277,2850.8,0.00861970228073286
SW_002,ih1,8,166,65,short,384.885767074052,2673.074,0.00601455583395376
SW_002,oo1,9,177,35,long,465.930446553043,909.185,0.00713949357677244
SW_002,oh1,7,185,65,short,392.823530993274,857.25,0.00752909059595885
SW_002,oh1,8,186,65,short,385.647465017039,920.315,0.00293775288385855
SW_002,oh1,9,187,35,short,481.403065097339,804.22,0.00269404319696099
SW_002,oh1,10,188,65,short,378.645430199078,896.530692045574,0.00268108623816342
SW_002,uh1,8,206,65,short,378.728941291521,1309.148,0.00616185023461776
SW_002,ae1,2,230,65,long,821.76,1779.14774386322,0.00478808922766675
SW_002,ae1,4,232,65,long,844.394,1765.072,0.00220476860199213
SW_002,{:,2,250,65,long,700.3,1689.4,0.00142475504574227
SW_002,{:,10,258,65,long,828.32,1600.36319781932,0.000407635648496537
SW_002,{,4,262,65,short,913.2,1867.179,0.0002727161566002
SW_002,{,9,267,65,short,705.57,1920.02382823256,0.00206920794366217
SW_002,{,10,268,65,short,699.01,1884.31338702111,0.00251389812860259
SW_002,oah1,10,288,50,short,501.74,917.73,0.0098207590443873
SW_002,oe1,3,291,65,long,525.67090547413,1423.06314439138,0.000690371801251843
SW_002,oe1,4,292,65,long,532.87,1468.7104,0.000287132226961376
SW_002,oeh1,9,307,65,short,501.4,1647.02138833645,0.00112560968150283
SW_002,oeh1,10,308,65,short,559.158,1630.43166003667,0.0012784395342013
SW_002,9:,9,317,50,long,564.29,1214.30962402164,0.00731028825793177
SW_002,9,3,321,35,short,560.8,1265.19702,0.00838295305593289
SW_002,9,5,323,35,short,533.260327405039,1294.01,0.0037557073954005
SW_002,9,7,325,65,short,477.74,1530.47,0.00328867670520722
SW_002,9,9,327,65,short,427.86,1480.32,0.000153650222191325
SW_003,ee1,5,353,35,long,400.194,2675.110,4.63239262996942e-06
SW_003,ee1,8,357,35,long,325.1887,2895.14,0.00690601096978458
SW_003,eh1,2,360,50,short,689.56062,2014.86,0.00167196381861904
SW_003,eh1,2,360,65,short,632.156,1779.07,0.000134965914731242
SW_003,eh1,15,466,65,short,622.64,1771.574,0.00026376573704942
SW_003,eh1,17,468,65,short,509.34,1912.222,0.00598539695481543
SW_003,eh1,21,472,65,short,504.10688,1959.9203,0.00974619108659649
SW_003,ii1,1,370,65,long,381.791,1971.803,0.000325265634385194
SW_003,ii1,2,371,50,long,426.932726575417,2048.9328,0.00822190999034449
SW_003,ii1,6,379,65,long,327.624,2136.80595895841,0.00203274083860441
SW_003,ih1,1,375,65,short,368.04524973053,2699.39,8.38468128477489e-05
SW_003,ih1,14,390,50,short,396.636079335234,2302.86,0.00332068504895263
SW_003,ih1,14,390,65,short,424.702753317846,2620.52,1.89457337674444e-05
SW_003,oo1,7,397,65,long,265.687481725046,647.16,0.00193103828499868
SW_003,oo1,8,398,35,long,379.978400341705,432.06,0.00426067177745339
SW_003,uu1,1,413,65,long,333.376,1617.8,0.0054861796283466
SW_003,uu1,4,416,65,long,325.870722869498,1633.0331,0.00719910624288914
SW_003,uu1,8,420,65,long,275.101,1658.292,0.00424851580482878
SW_003,yy1,6,438,65,long,305.436389580624,2048.87,0.00490644388541987
SW_003,yy1,9,441,65,long,427.43249,1858.3,2.42142541697994e-05
SW_003,yh1,4,446,50,short,351.953877451157,2124.752,0.000223259592530522
SW_003,yh1,4,446,65,short,339.528498278091,2058.23547,0.0023988885409485
SW_003,ae1,2,454,50,long,653.5135,1749.26,0.00226273908699072
SW_003,ae1,3,455,65,long,648.6597,1743.78148,0.00173985854534121
SW_003,{:,4,476,65,long,630.44588,1720.43231192204,0.00236997587634459
SW_003,{:,5,477,35,long,838.5953,1711.40847,0.00272016702891484
SW_003,{,1,483,35,short,970.835532318455,1684.21315044591,0.00500393830315644
SW_003,{,10,492,65,short,648.496,1782.0955290796,6.08353061792734e-05
SW_003,oa1,2,494,50,long,269.14640987688,669.9,0.00269743768373681
SW_003,oah1,7,508,35,short,417.386977694671,875.795543556252,0.00790637073918055
SW_003,oe1,5,516,35,long,480.556764195949,1497.80474069754,0.00813079997252738
SW_003,9:,3,533,35,long,495.009184810301,1348.01962722593,0.00446320482917528
SW_003,9:,3,533,50,long,501.200931150473,1360.09216322092,0.00793480859294564
SW_003,9:,7,537,35,long,549.152,1383.5739,0.00884952535292032
SW_003,9,4,544,35,short,442.32,1342.9899,0.0042538979159547
SW_003,9,5,545,35,short,477.761,1231.84580959434,0.00598247954075175
SW_003,9,5,545,50,short,506.004435866954,1485.4859,0.00709102408448915
SW_004,ee1,3,563,35,long,384.978,2785.65,0.00144315437543428
SW_004,ee1,4,564,35,long,321.375107745733,2807.6949,0.00107861872189613
SW_004,eh1,2,567,65,short,706.516391,1903.958,0.00954954887156894
SW_004,eh1,5,570,65,short,779.165,1771.393,0.00271902103822344
SW_004,eh1,7,616,65,short,771.77,1681.5352,0.00286516377630314
SW_004,ii1,1,571,35,long,317.762617627877,1995.66,0.00543632314184834
SW_004,ih1,2,577,35,short,314.257639363405,2675.961,0.00226804598601045
SW_004,oo1,3,583,35,long,309.106527,812.5884,0.00370071010620348
SW_004,uh1,2,597,35,short,370.426656533471,1218.62372359137,0.00224986057424581
SW_004,uh1,2,597,50,short,390.960219256674,1247.4454,0.00907676431988874
SW_004,yy1,4,604,65,long,365.039972526835,1796.85577534611,0.00994857799700433
SW_004,ae1,4,614,65,long,878.894053517252,1696.9595,0.00188414008789072
SW_004,{:,3,622,65,long,965.001938024846,1646.55153860785,0.00732186225840151
SW_004,{:,5,624,50,long,1116.96700532197,1578.78506482423,0.00848559757462787
SW_004,{,1,625,65,short,704.56532,1964.57116,0.00459545668682975
SW_004,{,2,626,35,short,1066.720363774,1815.88574618,0.00112580653880838
SW_004,oah1,2,636,65,short,537.380986,845.1772,0.000481678052565668
SW_004,oe1,2,641,50,long,692.553529373134,1636.94449831353,0.00115338065435756
SW_004,oe1,4,643,65,long,758.281,1416.9167,0.00591720116552518
SW_004,oeh1,1,645,65,short,729.89,1524.6753085,0.00870694905198944
SW_004,9,2,655,35,short,673.8572,1302.07942,0.00721970472562268
SW_004,9,4,657,35,short,695.688,1279.81254980156,0.00373844954070464
SW_005,aa1,5,664,50,long,533.277322,817.059967188334,0.00092409020828428
SW_005,ah1,5,674,35,short,778.74843,1214.513736,0.00205037841403669
SW_005,ee1,1,680,35,long,382.22,3033.32307865,0.00855218035504082
SW_005,eh1,5,694,65,short,713.295736,1990.107,0.000210565217940242
SW_005,eh1,7,696,65,short,752.4303587,1480.37947,0.00234460216618671
SW_005,eh1,9,698,50,short,711.6162,1901.0966,0.000668269608493866
SW_005,eh1,15,794,65,short,742.5896,2088.6574,0.00450897812757549
SW_005,ii1,3,702,35,long,341.656,2485.0052,1.74792974550663e-06
SW_005,ih1,7,716,65,short,339.0358,2564.1388,0.00940759657272475
SW_005,ih1,8,717,35,short,322.075927442803,1867.641,0.000211298239246276
SW_005,ih1,10,719,35,short,353.0995,1696.93468,0.0017956046509027
SW_005,oh1,10,739,35,short,352.277012817628,590.8518,0.00600524581093268
SW_005,uu1,2,742,65,long,351.492157959203,1672.59888018385,0.00867753574695572
SW_005,yy1,1,760,35,long,328.7421058507,2450.9454,0.00407699810767652
SW_005,yy1,10,769,65,long,398.399,2390.93,3.18923103941747e-06
SW_005,yh1,1,770,65,short,385.5926,2523.82938,0.0081121267599225
SW_005,yh1,5,774,65,short,375.906058033548,2409.2327,0.00173697429563004
SW_005,ae1,2,781,65,long,845.1807,1903.6343,0.00831120355873212
SW_005,ae1,10,789,35,long,837.21,2092.90364,4.89888481824347e-05
SW_005,{:,9,807,50,long,878.707,1749.3814,0.00055535658206315
SW_005,{:,10,808,50,long,976.8876,1753.175,2.94763788035169e-05
SW_005,{,7,815,50,short,449.28,1887.4801,4.50496069202002e-06
SW_005,oah1,6,834,35,short,484.879901780474,851.683570487313,0.00688305586404384
SW_005,oah1,7,835,35,short,486.506629064803,834.549,0.00341251560068776
SW_005,oe1,2,840,35,long,636.496519269508,1947.61705252877,0.00292497057827441
SW_005,oe1,6,844,65,long,736.30982,1512.59547352904,0.00939350381492303
SW_005,oe1,9,847,65,long,681.35,1628.72244960949,0.00689528530219572
SW_005,oe1,10,848,65,long,671.846736257428,1561.6159,0.00367095377835662
SW_005,oeh1,2,850,65,short,579.9847,1727.1047,0.00687436733846306
SW_005,oeh1,4,852,65,short,567.539234830831,1667.94882510449,0.00440394052808631
SW_005,9:,3,861,35,long,420.93019,1354.96784441913,0.00107114573035333
SW_005,9:,4,862,35,long,409.4317,1307.8743,2.21097383705489e-05
SW_005,9,7,875,65,short,275.481,1568.87038684748,1.74760467682167e-05
SW_005,9,10,878,35,short,582.79,1203.68,0.00542940217334391
SW_006,aa1,2,880,65,long,419.373353323829,822.381917632035,0.00869204386167807
SW_006,ah1,1,889,65,short,735.3001,1157.143,0.000227757677422234
SW_006,ah1,5,893,65,short,691.630409377082,1235.4729458828,0.00882035302123022
SW_006,ah1,9,897,65,short,610.611387913615,1331.56463370931,0.00431722060312234
SW_006,ee1,8,906,35,long,330.271958971454,2661.95,3.85390291172996e-05
SW_006,ee1,10,908,35,long,344.233784038609,2532.08973,0.00605058041553152
SW_006,eh1,5,913,65,short,487.479,1921.78934463146,0.00895060344501076
SW_006,eh1,6,914,35,short,436.5926,1864.4634,2.00987671004643e-06
SW_006,eh1,7,915,35,short,493.6945,1997.9931,0.00147201080914377
SW_006,eh1,13,1010,50,short,573.877560328547,1653.06319513425,0.00329986651824702
SW_006,eh1,13,1010,65,short,551.766748606044,1703.53,0.000643403368744483
SW_006,eh1,14,1011,65,short,530.0928,1815.3208,0.0098373942288982
SW_006,ih1,4,932,65,short,353.564,2422.9114,1.98954347537312e-07
SW_006,oo1,9,947,50,long,270.2938,494.525,0.00248364955267345
SW_006,oh1,4,952,35,short,367.6573,710.80024,0.991480132292101
SW_006,uu1,7,965,50,long,266.151993494241,1699.123,0.00215104773170431
SW_006,uh1,1,969,50,short,372.847427865036,1159.26539367634,0.00515264310199023
SW_006,uh1,1,969,65,short,352.816693318836,1219.912,0.0026434256159436
SW_006,uh1,4,972,35,short,416.288406816062,1061.81,0.00261302687704557
SW_006,yy1,1,979,35,long,242.023,2704.39,0.000319764789847149
SW_006,yy1,5,983,35,long,264.58,2522.828,0.00231247347915529
SW_006,yh1,3,990,50,short,292.719126510524,2410.753,0.000716499962593649
SW_006,yh1,3,990,65,short,313.2961,2182.430725,0.00608703752649011
SW_006,yh1,7,994,50,short,376.015169351759,1739.59591,0.000560922098879532
SW_006,yh1,7,994,65,short,380.445110568151,1773.78,0.000192408826571918
SW_006,ae1,1,998,65,long,629.689444055045,1710.071,0.00228507729581189
SW_006,ae1,3,1000,65,long,684.73611,1676.763923,0.000633551639276094
SW_006,{:,2,1019,65,long,680.7301,1679.966,0.000159648984304419
SW_006,{:,4,1021,50,long,672.606053040368,1782.34,0.00869764820372563
SW_006,{,5,1032,50,short,796.965034169673,1645.06521569422,0.00442155161804594
SW_006,{,5,1032,65,short,775.328344738335,1716.515,0.00902990877148391
SW_006,{,8,1035,65,short,737.552,1765.395,0.000933454843159316
SW_006,{,10,1037,35,short,751.113073061882,1712.25020667432,0.00681804560829425
SW_006,oah1,10,1057,35,short,465.083,615.473,0.00302337044554864
SW_006,oah1,10,1057,50,short,404.3329,637.75,0.00510157261928004
SW_006,oe1,3,1060,65,long,451.305042371511,1463.57549489157,0.00187808938095332
SW_006,oe1,6,1063,65,long,479.36,1398.8736,0.00692047639237439
SW_006,oe1,9,1066,65,long,517.2755,1323.4753,0.000156127621611277
SW_006,oeh1,4,1071,35,short,467.479624076747,1308.30502663266,0.0031024200064739
SW_006,oeh1,4,1071,65,short,449.16404,1373.528,0.00718189319800804
SW_006,9:,1,1078,65,long,475.876,1310.805756,0.00834921202058322
SW_006,9:,2,1079,65,long,418.3021,1337.7097,0.00147901344820792
SW_006,9:,5,1082,65,long,495.8565,1448.9802,0.00967763774816795
SW_006,9,5,1092,65,short,486.6116,1262.8441,7.1545206341383e-05
SW_007,ah1,3,1110,65,short,317.1731,978.1743,0.990604652191285
SW_007,ah1,5,1112,65,short,303.40136,1261.359,0.00665269948373756
SW_007,ee1,3,1120,65,long,310.03471,2304.35,0.00753287254657032
SW_007,ee1,7,1124,65,long,332.74,2623.9577,0.00235413550268124
SW_007,ee1,9,1126,65,long,328.205356819308,2391.4939,0.00133248533751117
SW_007,ee1,10,1127,65,long,299.0276,2358.73918,0.00506941338302279
SW_007,eh1,3,1130,35,short,443.6951,1548.074,0.000344570151333064
SW_007,eh1,4,1131,50,short,330.918,1940.20363,0.00507830806057104
SW_007,eh1,12,1229,65,short,297.19,1735.4952,0.00371467197714356
SW_007,ii1,7,1144,35,long,290.991906082905,2053.318,3.10127534260545e-05
SW_007,ii1,10,1147,50,long,221.759949845431,2022.8736,0.00590351356079478
SW_007,ih1,3,1150,65,short,229.640272034861,2528.10111669086,0.00692711237792248
SW_007,ih1,5,1152,65,short,251.764,2352.4427,0.000829534499362311
SW_007,oo1,7,1164,65,long,248.654530796691,702.907167755666,0.00779498988119974
SW_007,oo1,10,1167,65,long,226.256,792.0311,0.00672990716878502
SW_007,oh1,3,1170,35,short,318.582604716382,610.619571894883,0.00840888740998395
SW_007,oh1,3,1170,50,short,361.503779606797,514.006897666713,0.002939171878676
SW_007,oh1,5,1172,65,short,270.55327684196,785.033086039683,0.00120583684417946
SW_007,uu1,1,1178,65,long,339.930471343298,1339.59,0.00292783730021762
SW_007,uu1,4,1181,65,long,323.319,1853.1148,0.00837962087233093
SW_007,uh1,1,1188,35,short,299.248,1025.2443,0.00227884359324768
SW_007,uh1,1,1188,50,short,289.183796257257,1039.79462478689,0.0033146977873168
SW_007,yy1,8,1205,65,long,250.061276554853,2014.383,0.00942150902240285
SW_007,yy1,9,1206,50,long,250.1313,1970.62,0.00322051851465993
SW_007,yh1,4,1211,50,short,308.882742738923,1826.872,0.00945088277084909
SW_007,yh1,7,1214,35,short,345.965023260668,2146.14,0.00402697419459652
SW_007,yh1,7,1214,50,short,302.38294308728,2112.757024,0.00439371285754171
SW_007,{:,8,1245,65,long,239.001,1645.066,0.993297240788198
SW_007,{,2,1249,35,short,304.5192,1500.623,0.00249254366548972
SW_007,oa1,9,1266,50,long,238.643974255637,655.38249879463,0.00576898608308387
SW_007,oah1,5,1272,50,short,278.091850548608,812.289317745873,0.00321457750332356
SW_007,oah1,5,1272,65,short,253.002958283514,830.566999107983,0.00203259717920931
SW_007,oeh1,3,1290,65,short,392.321022327657,1330.07,0.00764332182141054
SW_007,oeh1,4,1291,50,short,354.488636,1557.602,0.0091099641487169
SW_007,oeh1,4,1291,65,short,309.6656021,1627.3910057,0.00536647809939745
SW_007,oeh1,7,1294,50,short,600.6919,1529.536,0.00431977835107542
SW_007,9:,5,1302,65,long,465.3984,1050.961893,0.00694190044779609
SW_007,9:,10,1307,50,long,317.809058833063,1359.258,0.00913774733934889
SW_007,9,3,1310,35,short,284.415288570628,1186.29145832784,0.00431278319106934
SW_007,9,5,1312,35,short,274.90966,1220.6291,0.00414618540035788
SW_008,aa1,1,1318,65,long,510.5334,919.6512674,0.00564048844620858
SW_008,ee1,2,1329,35,long,277.203829837917,2830.818,0.0027486726705509
SW_008,ee1,2,1329,65,long,398.46712,2487.5935,0.00625299321552079
SW_008,ee1,4,1331,65,long,377.73,2478.0505,0.00812591885072388
SW_008,ee1,5,1332,65,long,358.45716,2537.051948,0.00564037466818446
SW_008,eh1,10,1387,35,short,566.297240652718,2190.4558,1.99929323359109e-06
SW_008,ii1,1,1338,65,long,284.10462,1960.32838,0.00959847910642282
SW_008,uh1,5,1367,50,short,423.957493002314,1020.5322,0.0087892377426285
SW_008,yh1,2,1374,50,short,333.816224283452,2397.0356,0.00928888115584234
SW_008,yh1,3,1375,50,short,332.179714436773,2389.3440667231,0.00266174886193691
SW_008,yh1,5,1377,65,short,373.749278014349,2184.609,0.00685931499945453
SW_008,{:,2,1389,65,long,801.7672,1672.29117,0.00129129259799721
SW_008,{,1,1393,35,short,957.364516711349,1550.76,0.00156242257265974
SW_008,{,4,1396,65,short,743.90424,1875.46409507333,0.00226772594313894
SW_008,oah1,5,1407,65,short,386.109142430235,752.906143019411,0.00863988064891611
SW_008,oe1,1,1408,35,long,502.924651080442,1552.4771,0.00413642524082426
SW_009,ah1,4,1436,65,short,605.62162,1243.783,0.00566188995862415
SW_009,ee1,1,1438,35,long,355.538627,2331.1858,0.00216363757626826
SW_009,ee1,3,1440,35,long,294.1445,2720.6283,0.00700105011702557
SW_009,eh1,3,1445,50,short,374.141,2651.436,0.00648466552789984
SW_009,eh1,3,1445,65,short,474.570413,2311.721,3.94254820552241e-05
SW_009,ii1,5,1452,35,long,281.325683484519,2071.2302,0.000222425618510287
SW_009,oo1,2,1459,65,long,417.074177,879.28165,0.00716475064160386
SW_009,oh1,1,1463,35,short,465.677663666162,836.957558264907,0.00948607906364367
SW_009,uu1,1,1468,65,long,302.979,1829.68872,0.00246595104494136
SW_009,uh1,3,1475,35,short,343.349288741472,1115.46338469706,0.00995732169891427
SW_009,yy1,4,1481,50,long,275.748829891252,1649.23206181784,0.00378182822059142
SW_009,yh1,4,1486,65,short,294.585436001518,2225.16,0.000144192459602739
SW_009,ae1,5,1492,65,long,617.54094,1577.6867,0.00108235074032296
SW_009,{:,3,1500,50,long,847.4739,1613.99,0.00417239920304751
SW_009,{:,4,1501,50,long,869.608563013385,1621.99723518279,0.00974496291002041
SW_009,{,3,1505,65,short,753.6039234,1632.145216,0.00039401961620733
SW_009,oe1,4,1521,50,long,592.16,1570.1698,0.0078746598108945
SW_009,9,1,1533,35,short,469.232763091941,1177.31351126583,0.00472185082604229
SW_010,ah1,2,1544,50,short,733.298,1177.75748353726,0.00456013460404928
SW_010,ee1,3,1550,65,long,427.6454993,2520.23355,0.00384107976347994
SW_010,ee1,4,1551,65,long,381.968387516108,2300.356276,7.48326903465975e-05
SW_010,eh1,10,1606,35,short,486.6382290166,1903.887183,0.00502919415177537
SW_010,ii1,2,1559,65,long,277.759403261549,1940.1706,0.00478301525852482
SW_010,ih1,2,1563,65,short,301.33559321,2491.286371,0.00549769271944076
SW_010,oo1,4,1570,65,long,294.01981892,911.72317,0.000386270382111197
SW_010,oh1,2,1573,65,short,388.312012708794,856.5916203,0.00467500426447497
SW_010,oh1,5,1576,65,short,465.372114553041,696.266063731979,0.00406570718037161
SW_010,uu1,1,1577,65,long,324.134635,1660.9931017,0.00127501692633566
SW_010,yh1,1,1592,50,short,330.983335963955,2190.22055,0.00837194563370585
SW_010,ae1,2,1598,35,long,490.9226,1637.55175111616,0.00562255389110343
SW_010,{:,1,1607,35,long,601.716743486834,1553.99622309555,0.00076626849661201
SW_010,{,3,1614,50,short,516.3474227,1592.1436813,0.00460076324786683
SW_010,oa1,1,1617,35,long,381.2564,669.09706,0.0037451290985857
SW_010,oah1,1,1622,65,short,449.951822,779.712747,0.00642544481003355
SW_010,oe1,1,1627,65,long,419.579,1266.22657,0.00347299832436965
SW_010,oeh1,4,1635,65,short,476.206474182746,1546.56202712778,0.00755471835040178
SW_010,9,5,1646,50,short,472.300436330409,1178.078503,0.00573588423192169
SW_011,ee1,1,1667,50,long,365.533046084943,2732.71099,0.00476928911759129
SW_011,ee1,2,1668,50,long,363.529170541579,2716.10455,0.00323340993326657
SW_011,ee1,6,1672,35,long,431.541419847692,2983.0443,0.00473747792930249
SW_011,ee1,8,1674,65,long,490.264452295512,2152.0701,0.00388517936458949
SW_011,eh1,5,1681,35,short,566.702386671215,2080.30421651352,0.00452905081902379
SW_011,eh1,5,1681,65,short,659.0544,1853.129176,0.00452717827333675
SW_011,ii1,9,1695,35,long,369.149434966241,2366.1082,7.86489989451938e-07
SW_011,ih1,4,1700,65,short,380.418175784319,2687.9369279,0.00797678267637309
SW_011,ih1,9,1705,65,short,373.458188,2675.51944,0.00321031042991901
SW_011,oh1,4,1720,50,short,445.757193272968,845.162229,0.00163279230109331
SW_011,oh1,4,1720,65,short,397.813925062149,801.63293,0.00375379813513164
SW_011,uh1,9,1745,65,short,384.567597,1389.5604635,0.00682179497157939
SW_011,yy1,6,1752,65,long,301.380932457745,1999.56131,0.00366195385620671
SW_011,yh1,1,1757,65,short,394.34229,2218.4448,0.00516689512660742
SW_011,yh1,2,1758,65,short,365.607145036369,2313.114992,0.00775663040655065
SW_011,yh1,3,1759,65,short,345.6256888,2397.79165,0.00468479832240691
SW_011,yh1,4,1760,65,short,377.5206279,2231.6061484,0.00573348680432423
SW_011,ae1,9,1775,35,long,733.3394,1985.552,0.00623398963755233
SW_011,{:,3,1789,50,long,793.8547,1628.764489,0.00394865731972181
SW_011,{:,4,1790,65,long,707.175483,1772.27127,0.00112571203909311
SW_011,{:,10,1796,65,long,782.54337,1622.9638,0.00642492630600992
SW_011,{,5,1801,65,short,747.733327,1843.796788,0.00407708369435772
SW_011,oah1,3,1819,50,short,482.45772,905.97481,0.00511346943557268
SW_011,oah1,4,1820,50,short,484.377836864056,890.24421,0.00630348351692373
SW_011,oe1,1,1827,65,long,578.91374,1344.9844,0.000707533692171969
SW_011,oe1,5,1831,65,long,621.50481,1402.25053,0.00954535256995786
SW_011,9:,2,1848,65,long,423.6023,1207.38208,0.00124772413071651
SW_011,9:,8,1854,35,long,571.9255,1134.21580967,0.00447807011421339
SW_011,9,10,1866,35,short,463.293731,1111.0574,0.000528911324471567
SW_012,aa1,2,1868,35,long,550.758795042565,913.51922,0.00901914203376208
SW_012,aa1,3,1869,35,long,575.2507,922.649,0.0028165435626364
SW_012,ah1,4,1880,65,short,717.1954224,1278.0423162,0.00767911006644331
SW_012,ee1,3,1889,35,long,346.5997,2205.030519873,0.00514276328891203
SW_012,ee1,5,1891,35,long,354.245472870028,2308.80324,0.00917415323034441
SW_012,ee1,10,1896,35,long,346.10906,2132.19,0.00784151713366149
SW_012,eh1,5,1901,35,short,502.11167,1799.7482,0.00544208319631945
SW_012,eh1,8,1904,35,short,515.009885,1750.4026,0.000981944801870336
SW_012,ii1,1,1907,35,long,300.2944,2222.2087,0.00402120950839176
SW_012,ii1,2,1908,35,long,293.93869403888,2131.6154,0.00727072741855012
SW_012,ii1,9,1915,35,long,297.931,2352.96676,0.000104630795180217
SW_012,ih1,8,1924,50,short,296.865202547958,2378.156,0.00540065791768506
SW_012,ih1,10,1926,50,short,317.25,2347.75996,0.00261664833078271
SW_012,uu1,1,1947,35,long,316.454664,1572.51415997,0.00270898733867519
SW_012,uu1,1,1947,65,long,268.938023,1628.96669,0.000494874435664527
SW_012,uu1,9,1955,65,long,394.78156,1458.650467,0.00484525192488583
SW_012,yy1,9,1975,50,long,306.27,1779.4167747,0.0047784724332137
SW_012,yh1,3,1979,35,short,362.194001,1993.0692607,0.00249293490871912
SW_012,yh1,3,1979,50,short,416.78023,1993.482436,0.00160224374681623
SW_012,ae1,1,1987,65,long,653.969935,1715.048974,0.00492497459155559
SW_012,ae1,5,1991,65,long,646.03546,1750.166,0.00476214756918032
SW_012,ae1,10,1996,35,long,598.264087,1945.93283,0.00316846540901871
SW_012,{:,2,2008,35,long,649.1506,1626.35779,0.00120015550769516
SW_012,{,1,2017,50,short,668.88871,1593.27363,0.00447758255756819
SW_012,oa1,5,2031,50,long,296.43798,874.61565,0.00102059678247771
SW_012,oah1,1,2036,35,short,436.0892741,851.224717,0.00472431256292935
SW_012,oe1,9,2054,35,long,529.5604,1624.879,0.00574177997692099
SW_012,oe1,9,2054,65,long,643.725562,1543.296106,0.00429866245681601
SW_012,oeh1,6,2061,35,short,506.523937,1543.720135,0.0035131529661641
SW_012,oeh1,6,2061,50,short,526.96356863452,1535.571058546,0.00668608675943489
SW_012,oeh1,7,2062,65,short,519.0765,1556.83583,0.00959181767306301
SW_012,oeh1,8,2063,35,short,500.085507,1562.61484,0.00271829070578244
SW_012,oeh1,10,2065,35,short,467.18925262,1623.807921,0.005509466482402
SW_012,9:,9,2074,35,long,586.130443,1156.183857,0.00997245811632776
SW_012,9:,9,2074,50,long,567.75536,1176.41798,0.00939878804543
SW_012,9,1,2076,35,short,511.891058135458,1189.082861,0.00227458072812049
SW_013,aa1,4,2089,35,long,509.69144,946.95329559,0.00834974745592521
SW_013,ah1,7,2102,35,short,350.786287,1121.0324161,0.0060316720785045
SW_013,ee1,1,2106,35,long,402.52367,2109.2602,1.49014228806044e-06
SW_013,ee1,2,2107,35,long,448.588688784879,2638.75384,0.0070650197316792
SW_013,ee1,4,2109,50,long,391.1022,2427.853195,0.00807124073681384
SW_013,eh1,1,2116,50,short,461.018637030418,2133.563865,0.00672798225708576
SW_013,eh1,2,2117,35,short,546.229967511876,2060.78,0.00835131717350801
SW_013,eh1,4,2119,35,short,618.588873555448,2085.63419,0.00583979316387245
SW_013,eh1,5,2120,35,short,608.43743375,2017.6000945,4.07655754867516e-06
SW_013,eh1,10,2125,35,short,572.852191476969,2107.63905,0.00909166748670774
SW_013,eh1,13,2217,35,short,734.692618837846,2047.975333,0.00897156676967715
SW_013,ih1,1,2136,35,short,299.598109596551,2710.737,0.00118336566183654
SW_013,ih1,1,2136,50,short,357.419971058044,2592.60673,0.00122049674185315
SW_013,ih1,2,2137,50,short,347.71529258,2292.363955,0.00189922166743098
SW_013,oo1,5,2150,50,long,439.9772567,633.939303,0.00207304853122093
SW_013,oo1,10,2155,65,long,300.561673442411,662.2934991,0.00146235154155221
SW_013,oh1,2,2157,35,short,404.819195,700.050469,0.00535002521337009
SW_013,oh1,3,2158,35,short,413.542726,644.74878395,0.00761988669506807
SW_013,oh1,3,2158,65,short,443.3525,630.6478958,0.0046560832298244
SW_013,oh1,4,2159,35,short,402.91473726,690.129044546,0.0061325945591476
SW_013,oh1,6,2161,50,short,453.149463749133,702.4295508,0.00356161693765035
SW_013,yy1,10,2194,65,long,283.24480136,2030.0333,0.00904107673808304
SW_013,yh1,1,2195,65,short,300.448794847638,2385.14056970612,0.00651752695041931
SW_013,yh1,5,2199,35,short,298.5786,2284.1334762,0.000415627482550569
SW_013,ae1,5,2209,35,long,782.8563712,1626.65,0.00228281030477905
SW_013,ae1,9,2213,35,long,802.864451955,1786.528032,0.00045428823325082
SW_013,{:,7,2231,35,long,1039.11157,1621.74644,0.00225793287015275
SW_013,{:,8,2232,35,long,923.05004647055,1706.89256,0.00011262924191144
SW_013,{,4,2238,65,short,948.244,1737.1255,2.16480304431422e-06
SW_013,oa1,4,2248,50,long,300.8042,541.564795,0.00560096836579573
SW_013,oeh1,1,2275,50,short,648.2146217,1445.602931,0.00700938398782286
SW_013,oeh1,1,2275,65,short,711.323214,1430.804689,0.00187670705430046
SW_013,9:,6,2290,50,long,556.14954,1109.20703182,0.00885889923100807
SW_013,9,10,2304,35,short,503.4946921,1045.19483,0.00756998825697535
SW_014,aa1,4,2308,65,long,492.95292,927.847933,0.00205157566685891
SW_014,ah1,3,2317,65,short,722.9788226,1400.5893379,0.001670596969086
SW_014,ah1,4,2318,35,short,766.43299,1382.8212,0.00508623192089062
SW_014,ee1,4,2328,65,long,460.32079,2079.777,0.00181195604576596
SW_014,ee1,5,2329,65,long,449.8470421,2134.899,0.00767425856258812
SW_014,ee1,6,2330,65,long,485.93402,2215.9996,0.000554174651037447
SW_014,eh1,5,2339,65,short,569.87934067,1897.672505,0.0040825967401087
SW_014,eh1,9,2343,65,short,569.295782,1828.1066414,0.00153521482037775
SW_014,eh1,18,2446,65,short,569.4902,1901.368006,0.00684927865630911
SW_014,ii1,1,2345,35,long,279.624612,2291.838578,0.00420093171447419
SW_014,ih1,4,2358,65,short,337.16869111058,2415.0975,0.00529116522833169
SW_014,ih1,8,2362,65,short,311.413172265819,2433.918,0.00181934008224553
SW_014,oo1,10,2374,50,long,354.082549,758.7808816,0.00745180147723935
SW_014,oh1,9,2384,35,short,395.73,812.821245,0.0010105225565175
SW_014,uu1,1,2389,65,long,319.6008,1484.876918,3.75827743896619e-05
SW_014,uu1,3,2391,65,long,277.545667,1701.87786,0.00182748523165379
SW_014,uh1,3,2401,35,short,373.79926575,1179.355043803,0.00169122527755176
SW_014,uh1,3,2401,50,short,366.705443999247,1194.697586,0.000490022926001457
SW_014,yy1,10,2418,65,long,335.397685,1722.85226,0.0069134814572816
SW_014,yh1,9,2427,65,short,357.250428728056,2232.4755142,0.00483818968659348
SW_014,ae1,3,2431,65,long,539.07893,1814.3255409,0.000402546693662537
SW_014,ae1,10,2438,65,long,581.5714280377,1790.9633175,0.00255030535337829
SW_014,{:,7,2455,65,long,618.7271864,1574.43053395,0.00159841384059395
SW_014,{:,9,2457,65,long,726.168961,1523.7651523,0.00118350962983085
SW_014,{,2,2460,35,short,844.264222,1587.37106,0.00627323501174885
SW_014,{,2,2460,50,short,728.915913,1690.242,0.00774633999022016
SW_014,{,6,2464,35,short,776.466083,1605.83225,0.00178496734202213
SW_014,{,10,2468,65,short,652.510389,1794.7961426,0.00191498759170686
SW_014,oa1,1,2469,35,long,339.71579,559.091434,3.06297809121387e-05
SW_014,oah1,1,2479,65,short,526.4958549,878.6479191,0.00694383696699534
SW_014,oah1,2,2480,35,short,532.1026541,728.410991,0.0058012560899664
SW_014,oah1,2,2480,50,short,540.408676509144,713.716174009995,0.00193521842977469
SW_014,oah1,4,2482,65,short,491.6268,894.3303569,0.000297539427205963
SW_014,oe1,5,2493,65,long,671.2518945,1332.45774,0.00406843021513534
SW_014,oe1,6,2494,65,long,545.020551,1421.013494,0.000670991597560598
SW_014,oeh1,9,2507,65,short,624.5899958,1466.07001,0.00409267984766174
SW_014,9:,3,2511,65,long,489.71984,1360.20749,0.00838515032603266
SW_014,9,1,2519,35,short,578.47682,1287.4208402,0.00263529686338776
SW_014,9,3,2521,35,short,529.826339,1384.2939,0.000515981823573933
SW_014,9,4,2522,50,short,557.515639814474,1338.93234556829,0.00524370373755677
SW_014,9,4,2522,65,short,514.01533,1457.985955,0.00749277695363398
SW_015,ah1,1,2539,35,short,964.3937,1483.7516968,9.42672833532264e-06
SW_015,ee1,8,2556,35,long,405.02735425,1749.6433,0.00265589288273876
SW_015,eh1,18,2666,35,short,685.42,2179.3989853,3.54325476995551e-07
SW_015,eh1,20,2668,65,short,515.373186862,2168.702564,0.00988010498711575
SW_015,ii1,6,2574,65,long,316.363827,2226.505138,0.00254888266961672
SW_015,ii1,9,2577,65,long,357.29728689126,2215.92513,0.00271613053782653
SW_015,ih1,1,2579,65,short,383.74616,2653.9451948,0.00164175614804323
SW_015,ih1,2,2580,65,short,343.9382785,2540.793141,0.00687805067650464
SW_015,ih1,9,2587,50,short,345.4352951,2452.03671,0.00228298571064445
SW_015,uu1,6,2614,65,long,361.9969723,1948.1214165,0.000720618084631372
SW_015,uu1,10,2618,65,long,379.546383344467,1847.4184999,0.00912507891780738
SW_015,uh1,9,2627,50,short,404.01804875,1382.3741567,0.00814350794740332
SW_015,yy1,2,2630,35,long,373.743737,2116.566322,0.00269841184989515
SW_015,yy1,8,2636,35,long,405.5471017,1970.755537,0.0063357361550894
SW_015,yh1,7,2645,65,short,361.608634,2498.6151,6.42619269973467e-07
SW_015,ae1,4,2652,50,long,771.5314,1710.4951,0.000516372149300233
SW_015,ae1,9,2657,65,long,697.9352214,1714.53038,0.00542635810571866
SW_015,ae1,10,2658,50,long,776.09868606,1743.69,0.000874521554319842
SW_015,{:,4,2672,35,long,757.4249052,1661.6192825,0.00650433784461198
SW_015,{:,5,2673,50,long,779.2802382,1661.60005,0.0021046558167714
SW_015,{:,9,2677,50,long,956.99746,1727.501641,1.51286736535097e-05
SW_015,{,1,2679,65,short,625.01042732,2036.5715024,0.00145454013900692
SW_015,{,7,2685,50,short,801.690081,2102.27707,0.000827911416266767
SW_015,oa1,3,2691,50,long,427.516895,669.51771426,0.000124191157931525
SW_015,oe1,4,2712,50,long,640.80913,1519.203294,0.00329842514579693
SW_015,oe1,9,2717,50,long,622.4810392,1605.414281,0.0049737467378128
SW_015,oe1,10,2718,50,long,639.5128474,1584.2683591,0.00826171241093102
SW_015,oe1,10,2718,65,long,684.883948,1590.88141187,0.00123863351501392
SW_015,oeh1,7,2725,65,short,523.671946,1630.2980284,0.00292959824384499
SW_015,oeh1,9,2727,65,short,487.271602,1700.84486384,0.00629913691590406
SW_015,9:,9,2737,50,long,617.85648387,1488.8831647,0.00530449889929512
SW_015,9,6,2744,35,short,571.056610736,1473.13345798,0.00285371133276297
SW_015,9,7,2745,50,short,524.1927318,1521.6984594,0.00509348218612876
SW_015,9,7,2745,65,short,492.899388,1592.1819537,0.00946694660755176
SW_015,9,10,2748,35,short,541.985421,1509.9162059,0.00837381576602832
SW_016,aa1,8,2756,35,long,563.6386914,973.4409,0.00357396151180978
SW_016,ee1,2,2770,35,long,383.344331,2686.2678,0.00899774974449222
SW_016,ee1,5,2773,65,long,498.4013,2349.08478,0.00589983211367331
SW_016,ee1,8,2776,65,long,460.55902,2384.48246,0.00143463285737374
SW_016,ee1,9,2777,65,long,464.694,2371.32685,0.00644943082460657
SW_016,eh1,5,2783,35,short,584.754698,1921.42432,0.00987144240944584
SW_016,eh1,9,2787,35,short,502.2683,1934.935524,0.00135366387198884
SW_016,eh1,9,2787,65,short,548.6031,1888.815,0.00476085769881586
SW_016,eh1,19,2886,35,short,614.24566,1883.4719,0.00119138521279373
SW_016,ih1,1,2799,35,short,408.649383,1929.29,0.00721460103477199
SW_016,oo1,2,2810,65,long,438.286398,682.6586559,0.0051474659387697
SW_016,yy1,9,2856,35,long,387.247727,1658.04735189475,0.00499830894302587
SW_016,yy1,9,2856,65,long,362.74221,1636.19698,0.000283320272634776
SW_016,yh1,8,2865,65,short,358.08953,2284.2237,0.00868484070508918
SW_016,ae1,2,2869,65,long,756.84245,1577.67957914022,6.34788858013157e-05
SW_016,ae1,9,2876,65,long,719.59657,1562.9298,0.00947512989695588
SW_016,{:,8,2895,35,long,819.092434,1575.30712,0.00543416913645943
SW_016,{:,9,2896,65,long,765.8934931,1557.65423,0.00309167980514344
SW_016,{,2,2898,35,short,779.675901,1604.8445,0.00767192488687664
SW_016,oah1,5,2921,35,short,431.36252,763.629826,0.000404296667963281
SW_016,oah1,5,2921,50,short,453.71707,746.617705,0.00222229595350356
SW_016,oe1,1,2927,65,long,644.29801502,1428.29221,0.00799787888011938
SW_016,oe1,4,2930,65,long,552.0527,1431.12493,0.00867646467565611
SW_016,oe1,8,2934,65,long,543.272769,1447.64381,0.00659407616751903
SW_016,oeh1,3,2939,65,short,497.914316,1538.403,0.00445183125591374
SW_016,9,4,2960,35,short,540.96703,1191.59285,0.00675080347167289
SW_016,9,4,2960,50,short,533.831264187,1202.8089,0.00464418298813075
SW_016,9,7,2963,65,short,490.7395274,1500.624397,0.00747877715553046
SW_016,9,8,2964,50,short,517.50886,1290.31499,0.009045366925009
SW_016,9,8,2964,65,short,487.7688836,1370.7984332,0.0019541016317964
SW_017,ah1,8,2984,50,short,712.0124,1215.26706,0.00139506368097385
SW_017,ah1,8,2984,65,short,751.516518,1310.55656,0.00189313805952882
SW_017,ee1,4,2990,65,long,453.679807,2175.04573,0.00736798409848481
SW_017,ee1,5,2991,65,long,443.0698229,2061.1022,0.00109720228071727
SW_017,ee1,6,2992,35,long,402.045707,2690.770074,0.00841623258044857
SW_017,ee1,7,2993,65,long,452.927319345353,1904.41828,0.000751140106741047
SW_017,ee1,9,2995,65,long,455.412028413,1999.491,0.00232343613597836
SW_017,eh1,6,3002,65,short,553.8493,1771.138982,0.00657429692721172
SW_017,eh1,7,3003,35,short,553.287034,1844.266135,0.00462019784059968
SW_017,eh1,7,3003,65,short,499.923368,1750.28365,0.00197731531876088
SW_017,eh1,8,3004,65,short,518.3342,1782.678981,0.00036666428416223
SW_017,eh1,9,3005,35,short,516.165,2039.6128,0.00257179439866638
SW_017,eh1,18,3104,65,short,594.16193,1791.318013,0.00223281402725932
SW_017,ii1,6,3012,65,long,365.297558482309,2007.224502,0.000375278837918271
SW_017,ii1,9,3015,65,long,396.66154,1999.7696,0.0024451835396484
SW_017,ii1,10,3016,65,long,373.21754,2028.651197,0.00479417021549873
SW_017,ih1,4,3020,35,short,436.805222,2431.7211,2.1898989168044e-05
SW_017,ih1,5,3021,50,short,426.547659,2732.029,0.00265207019519549
SW_017,ih1,6,3022,50,short,410.2377689,2437.47939,0.00285617171613229
SW_017,ih1,6,3022,65,short,408.39001111,2430.98828,0.00969093187424501
SW_017,oo1,2,3028,35,long,377.595739,560.29673,3.74591972086564e-05
SW_017,oh1,3,3039,35,short,393.13666,757.16,0.00115205001887339
SW_017,oh1,4,3040,35,short,485.8302738,678.120616,0.000619368784218767
SW_017,uu1,1,3047,65,long,314.67921691,1666.95558,0.00127323758819116
SW_017,uu1,2,3048,65,long,331.756024,1669.547512,0.00520457106359979
SW_017,uh1,1,3057,35,short,504.7692144,1442.258781,0.993803871145993
SW_017,yy1,5,3071,50,long,376.40341,2137.42448,0.00101669603352649
SW_017,yy1,8,3074,50,long,415.31926,1926.4295,0.00452143791716476
SW_017,yy1,8,3074,65,long,413.468304990604,1917.54645,0.00282109779031713
SW_017,yh1,4,3080,35,short,407.503537,2359.71093718744,0.0047851976106227
SW_017,ae1,1,3087,35,long,705.921,1775.2198541,0.00336335582621859
SW_017,ae1,1,3087,50,long,711.5489305,1778.884663,0.00530923473104557
SW_017,ae1,6,3092,35,long,805.1229,1729.11025,9.61988554460892e-05
SW_017,ae1,7,3093,65,long,796.77796230514,1478.67315,0.00334133657165863
SW_017,{:,1,3107,65,long,848.897,1621.58686,3.23468494550607e-07
SW_017,{,7,3123,35,short,914.04513,1788.57436,0.00219448598960111
SW_017,{,8,3124,65,short,682.7532943,1607.2977,0.00275436162008014
SW_017,{,9,3125,35,short,895.6784,1619.0638637,0.000181418736121321
SW_017,oa1,4,3130,65,long,593.558599,1191.60706,0.99256628586153
SW_017,oah1,7,3143,35,short,459.62373993,675.72209,0.00483464478449769
SW_017,oe1,1,3147,65,long,585.249728916995,1241.236514,0.00371838246619517
SW_017,oe1,12,3170,35,long,612.311250363864,1223.55344137542,0.00547531847019011
SW_017,oe1,12,3170,50,long,587.337643350563,1261.08720197413,0.00683938781120292
SW_017,oeh1,3,3159,65,short,571.850696,1500.3136852,0.007253541270056
SW_017,oeh1,4,3160,50,short,459.510407,1585.95969,0.00955326004982048
SW_017,oeh1,4,3160,65,short,449.367631,1583.11643595927,0.00432219669930155
SW_017,oeh1,5,3161,65,short,472.657248,1549.11806,0.00464888180918329
SW_017,9,3,3179,35,short,451.394016,1140.528725,0.00504618542343997
SW_018,aa1,4,3190,50,long,543.38117,861.1563,0.0013698925425725
SW_018,ah1,9,3205,65,short,788.2486901,1245.6954,8.23135004428666e-05
SW_018,ee1,3,3209,50,long,422.760453,2730.08589,0.00270252004646123
SW_018,ee1,7,3213,35,long,362.2898,2528.845,0.00259424991529876
SW_018,ee1,8,3214,35,long,407.0419577,2756.0304,0.00494582941316963
SW_018,ee1,8,3214,50,long,410.13354,2624.9846,8.38387101154084e-05
SW_018,eh1,11,3317,35,short,938.209511,1718.397184,0.00116777984331318
SW_018,eh1,11,3317,50,short,907.624225008,1796.652,0.00450644002764469
SW_018,eh1,11,3317,65,short,898.17436,1752.15365,0.00136197857098585
SW_018,eh1,15,3321,65,short,499.628031,2123.91494,0.00503845646772389
SW_018,eh1,20,3326,65,short,543.568368,1906.25268,0.00158512732539584
SW_018,ii1,5,3231,65,long,303.4931828,2361.69882,0.0062237150800507
SW_018,ii1,6,3232,50,long,289.459286,2618.69965,5.79728554207984e-05
SW_018,ii1,6,3232,65,long,242.2976079,2493.366622,0.00252671236032171
SW_018,ih1,4,3240,65,short,324.3422003,2818.55543,0.00776638666482599
SW_018,ih1,5,3241,65,short,324.505855,2770.794641,0.0027790646323366
SW_018,ih1,7,3243,35,short,387.259038168,2964.3417,0.00212441949270344
SW_018,ih1,7,3243,50,short,354.532779776454,2737.00226,0.000597993907941678
SW_018,oo1,5,3251,50,long,346.6403571,926.2414,0.00811331286937941
SW_018,oh1,10,3266,35,short,451.6097927,761.0473454,0.00969523554887721
SW_018,oh1,10,3266,50,short,434.043371,722.2857,0.000940764010381086
SW_018,oh1,10,3266,65,short,426.688558,782.52974646,0.00246808878121936
SW_018,uu1,8,3274,65,long,201.9316861931,1724.0259,7.64816975245234e-05
SW_018,uh1,6,3282,65,short,382.782708,1204.24877,0.00950848176227536
SW_018,yh1,8,3304,65,short,366.6614032,2102.57773,0.000123446410365111
SW_018,{:,1,3327,65,long,859.19376,1622.9566,0.000739963541010218
SW_018,{:,5,3331,50,long,847.2306,1507.572516,0.00745209624988064
SW_018,{:,8,3334,35,long,926.329659,1557.3236,0.00420035948298746
SW_018,{,2,3338,50,short,709.858705,1838.68,0.00432500397340777
SW_018,{,2,3338,65,short,647.944762,1960.19768,0.00546441919545488
SW_018,oah1,4,3360,50,short,449.994673,700.179045,7.72211102102581e-05
SW_018,oe1,5,3371,65,long,557.3302331,1262.3833,0.0045736463984695
SW_018,oeh1,1,3377,65,short,486.614614,1664.6586173,0.0080932059904675
SW_018,oeh1,3,3379,65,short,539.1051517,1466.472411,0.00192116916170302
SW_018,oeh1,11,3398,35,short,603.332147073169,1414.19466606055,0.00331073880698509
SW_018,9:,9,3395,35,long,653.209767,1218.0647,0.00597864491088425
SW_018,9:,9,3395,50,long,662.37396,1248.3643,0.00828422620025081
SW_019,aa1,9,3415,65,long,584.99475,1001.331704,0.00101117320420146
SW_019,ee1,2,3428,35,long,347.822848,2680.2505,2.5340135799561e-06
SW_019,ee1,3,3429,65,long,530.60629,2193.7233,0.00323940232870197
SW_019,ee1,4,3430,50,long,303.857289,2646.2794,0.00294707812893118
SW_019,ee1,10,3436,65,long,511.7751604,2121.0187,0.00597495320528605
SW_019,eh1,4,3440,65,short,731.126,2212.7369,1.32220352947717e-06
SW_019,eh1,6,3442,65,short,615.38336,2046.2181,0.000393589116384612
SW_019,ii1,2,3448,65,long,364.8951763,1911.8729,0.00515855951664506
SW_019,ih1,7,3463,35,short,358.539942,2605.403,9.40551895439972e-06
SW_019,ih1,8,3464,65,short,320.55894,2631.1649,0.00416754986332815
SW_019,oh1,2,3478,65,short,341.163265,797.69862,0.00148272312329744
SW_019,oh1,5,3481,50,short,418.11612,679.69359,0.00840751317754516
SW_019,uu1,2,3488,65,long,327.81849,1535.26534,0.00648353163422147
SW_019,uu1,3,3489,65,long,252.879,1607.334206,0.0081220439899608
SW_019,uu1,6,3492,65,long,218.08274,1709.99219,0.0025206139850245
SW_019,yy1,4,3510,65,long,323.07953,1878.259504,0.00976425202854302
SW_019,yh1,1,3517,65,short,269.1306,2408.5295,5.13655115149841e-05
SW_019,ae1,5,3531,65,long,752.370608529197,1660.77,0.00622041682895338
SW_019,ae1,10,3536,65,long,767.339657637803,1519.0003,0.00321553794701086
SW_019,{:,10,3556,65,long,816.5002,1755.2398,0.00983749938797366
SW_019,{,4,3560,35,short,989.840736,1715.652,0.00494823738509715
SW_019,{,8,3564,35,short,958.882893,1687.497,0.00198916163841262
SW_019,oe1,6,3592,65,long,622.5585292,1227.3822,0.00480157190621431
SW_019,oeh1,1,3597,35,short,602.216456,1569.941,0.00791848325226524
SW_019,oeh1,1,3597,50,short,599.956076346,1542.46,0.00292277176800054
SW_019,9:,3,3609,50,long,569.96930169,1222.33401,0.000784558192731132
SW_019,9:,3,3609,65,long,546.45487,1337.5769,0.00459073867861572
SW_019,9:,8,3614,50,long,637.970106,1196.573088,0.00357981159231803
SW_019,9,4,3620,50,short,529.017161,1362.4134004,0.00967217829509151
SW_019,9,10,3626,50,short,513.39076687,1354.469273,0.00129668972231077
SW_019,9,10,3626,65,short,473.7197442,1503.665867,0.00164877663394827
SW_020,aa1,6,3632,35,long,660.140135,890.26691,0.00348428820062446
SW_020,eh1,1,3657,35,short,751.597306,2129.03014021,0.00522834378400411
SW_020,eh1,11,3758,35,short,638.9074,2335.886,0.00686435796800391
SW_020,ii1,2,3668,35,long,329.35175,2528.6099102,0.00102355374297208
SW_020,ih1,4,3680,50,short,299.73821,2921.26481,0.000933544852604276
SW_020,ih1,6,3682,65,short,309.640689,2834.1855,0.00934388035696292
SW_020,oo1,10,3696,65,long,387.8992743,563.92022,0.000179443940629643
SW_020,oh1,8,3704,35,short,445.32502,585.6632821,0.00496240894524466
SW_020,uu1,9,3716,65,long,327.5208951,1630.8118073,0.00948614427896152
SW_020,uh1,2,3719,35,short,413.809895557334,1295.547286,0.0081668255065397
SW_020,uh1,3,3720,65,short,371.648134,1361.71207,0.0027293086002972
SW_020,yy1,3,3730,35,long,346.6989259,2221.71548,5.92124361907126e-07
SW_020,yh1,3,3740,65,short,279.0427057,2727.3560511,0.000441302363538009
SW_020,yh1,9,3746,35,short,382.6051,2786.8563,0.00138137943072841
SW_020,yh1,9,3746,50,short,390.90467,2780.6782045,0.00204007306186383
SW_020,yh1,10,3747,50,short,380.3673,2714.45801,0.00645304927739631
SW_020,ae1,1,3748,65,long,946.39824,1555.211241,0.00662846774703618
SW_020,ae1,9,3756,65,long,796.61329,1546.213058101,0.00284824373851532
SW_020,{:,8,3775,50,long,831.88237,1547.134927,0.00572197146302915
SW_020,{:,8,3775,65,long,660.054888,1716.82913152,0.000677755770288714
SW_020,{:,10,3777,35,long,929.07115,1523.60762,0.00162435725117146
SW_020,{,1,3778,65,short,591.959256,2210.31531,0.000746279320635622
SW_020,{,7,3784,65,short,615.6087881,2209.2685871,0.0055080371595637
SW_020,oah1,4,3801,65,short,420.09568,897.374997,0.00995514439736725
SW_020,oah1,7,3804,35,short,433.477983,854.5058,0.00312986316915089
SW_020,oah1,7,3804,50,short,456.762980117718,841.976125440353,0.00782820891556983
SW_020,oah1,9,3806,65,short,439.302337,850.683306,0.00581526408828021
SW_020,oe1,4,3811,65,long,671.094302,1546.695514,0.00620467485445299
SW_020,oeh1,1,3818,35,short,575.16799,1968.8474,1.82823901079114e-05
SW_020,9:,2,3829,35,long,726.98919,1338.51689,0.00366029356901016
SW_020,9:,2,3829,65,long,570.4842268,1624.389262,0.00147473444951621
SW_020,9:,7,3834,65,long,730.7388752,1458.724947,0.000415674729713386
SW_020,9:,8,3835,65,long,595.69262,1594.246924,0.00441242932885176
SW_020,9,10,3847,65,short,474.102756,1783.48246,0.00145986043272446
SW_021,ah1,1,3860,65,short,730.764442,1136.7221,0.00230781504924429
SW_021,ee1,1,3870,35,long,361.899415,2910.0662,0.00662398636881168
SW_021,ee1,5,3874,35,long,323.556,2932.911037,0.000362687680157324
SW_021,ee1,7,3876,35,long,418.98489317,2924.3260672,0.00816575616962954
SW_021,ee1,10,3879,35,long,414.4879548,2940.197425,0.00803456841380327
SW_021,eh1,2,3881,50,short,728.5945,1866.731332,0.00204130684037402
SW_021,eh1,7,3886,65,short,666.16123495,1995.5529405,0.00445717041429635
SW_021,eh1,16,3986,35,short,724.48012,2061.449907,0.00606799151070754
SW_021,eh1,17,3987,65,short,637.53321,1753.138649,0.000233152773476051
SW_021,ii1,1,3890,50,long,351.657882,2108.9631785,0.00761309024566527
SW_021,ii1,2,3891,50,long,273.623319160177,2116.9419,0.00896578988814808
SW_021,ii1,3,3892,35,long,391.12228,2200.1647,0.00292150438560684
SW_021,ii1,4,3893,35,long,331.982887471072,2173.64591,0.000226992658343665
SW_021,ih1,9,3908,35,short,378.229642261568,2729.35,0.00487907172563529
SW_021,ih1,9,3908,50,short,373.867384,2813.19875,0.00640460707310785
SW_021,ih1,10,3909,65,short,318.9806106,2841.88499,0.00352611471365815
SW_021,uu1,1,3931,50,long,340.2505,1714.56873714462,0.00634009484269371
SW_021,uh1,3,3943,35,short,461.966333,1002.34661,0.000207872283687006
SW_021,uh1,3,3943,50,short,464.843542371896,1032.880412,0.00317803337874077
SW_021,uh1,9,3949,65,short,392.1134,1190.335903,0.00276884409282008
SW_021,uh1,10,3950,65,short,405.505690941021,1160.19401102683,0.00819646028796934
SW_021,yy1,10,3960,50,long,320.1795,1856.178271,0.00407347788403266
SW_021,yy1,10,3960,65,long,330.233989,1839.4532,0.0070352700451347
SW_021,yh1,2,3962,35,short,348.703317,2539.2992,0.0058122992874746
SW_021,yh1,4,3964,65,short,366.8616068,2498.980004,0.00420566989968776
SW_021,yh1,6,3966,35,short,437.707628,2312.93491,0.000529236172560146
SW_021,yh1,9,3969,65,short,346.8455,2484.217024,0.00256511323690999
SW_021,ae1,2,3972,65,long,806.84891,1640.6309,0.000411146596740131
SW_021,ae1,9,3979,35,long,773.359894,1949.1581,0.00186790806140496
SW_021,ae1,10,3980,65,long,820.61835,1676.033703,0.00436900923444696
SW_021,{,5,4005,35,short,886.298400433262,1520.02592106175,0.00639942635665735
SW_021,{,7,4007,35,short,847.47,1558.902,0.00516679934774484
SW_021,{,8,4008,35,short,842.76394,1549.672056,0.00191146504658922
SW_021,{,8,4008,65,short,773.9965,1683.79505,0.00116566365693925
SW_021,oa1,6,4016,35,long,363.26301591,613.221089687,0.000525008863709616
SW_021,oah1,7,4027,65,short,434.5308,833.38743,0.00728459497374507
SW_021,oah1,8,4028,50,short,507.31653,732.656636209204,0.00289529182216933
SW_021,oeh1,1,4041,65,short,576.5707,1655.57518,0.00918671904914983
SW_021,9:,2,4052,35,long,600.0281,1104.46097,0.00187745038425379
SW_021,9:,5,4055,35,long,604.42276,1018.22603,0.00638150301839955
SW_022,aa1,6,4076,65,long,478.276004,900.990316,0.999999497488653
SW_022,ah1,6,4086,65,short,496.574995,1073.6813,0.00877194929817873
SW_022,ee1,2,4092,65,long,495.382788,2163.74352,0.00332986632942933
SW_022,ee1,4,4094,50,long,320.280425,2657.5915,0.00144198193203102
SW_022,ee1,5,4095,50,long,315.36905,2799.6864,0.00821457647582396
SW_022,ee1,7,4097,50,long,320.226,2775.59965,0.00539475438410424
SW_022,ee1,8,4098,50,long,302.6232,2674.58618,0.000188951599010057
SW_022,ee1,8,4098,65,long,386.44229,2419.03131,0.00637644179467549
SW_022,eh1,12,4202,65,short,565.557865,1550.924364,0.00944261704115538
SW_022,eh1,13,4203,35,short,500.255434,1775.025985,0.00135038060742969
SW_022,ii1,3,4113,65,long,215.162068,1894.462837,0.000175652865209703
SW_022,ii1,9,4119,35,long,350.0162134,1929.07415,3.04387769367622e-05
SW_022,ii1,10,4120,35,long,347.590720999,2037.7545335,0.00053879834202944
SW_022,ih1,2,4122,50,short,305.787728340032,2725.6005,0.000133464665259771
SW_022,ih1,9,4129,65,short,354.361589,2653.5756332,4.90402433301078e-07
SW_022,ih1,10,4130,35,short,323.4143137,2720.677421,0.00495646599312486
SW_022,oo1,2,4132,65,long,315.567141,746.0347838,0.00951661866220987
SW_022,oo1,10,4140,65,long,369.2874,826.90865,0.00106269809684675
SW_022,oh1,3,4143,50,short,316.38709233,732.57597,0.00156714154173757
SW_022,uu1,4,4154,65,long,211.3536,1615.70793652532,0.0032749689316111
SW_022,uh1,5,4165,35,short,392.7795,1147.2256796,0.00234990480142155
SW_022,uh1,5,4165,50,short,373.7131,1206.0125553,0.00589481668166052
SW_022,yy1,10,4180,65,long,244.3490599,2042.41652,8.68476797092004e-05
SW_022,yh1,8,4188,50,short,322.53796,2381.50547,0.000596964267934106
SW_022,yh1,8,4188,65,short,369.46448,2172.156655,0.000459284725264805
SW_022,ae1,7,4197,65,long,555.256,1502.8989184,0.00276689723405412
SW_022,ae1,8,4198,65,long,581.59965,1667.1591281,0.00565943709126444
SW_022,{:,5,4215,50,long,557.0660554,1365.59547,0.0094926297744925
SW_022,{,6,4226,50,short,567.390692,1351.1273808,0.00101925326348892
SW_022,{,10,4230,65,short,651.18700797,1664.404456,0.0053982994888786
SW_022,oah1,1,4241,50,short,441.9260147,848.73694,0.00856575769942102
SW_022,oah1,3,4243,65,short,386.387,946.87472475,0.00479323023592513
SW_022,oah1,6,4246,50,short,431.273235,831.448005547223,0.00409404889237139
SW_022,oah1,6,4246,65,short,403.8743,862.54119,0.00469072027872053
SW_022,oe1,7,4257,65,long,524.5721811,1261.2036,0.0077601323824996
SW_022,oe1,8,4258,65,long,538.9376603,1276.212018,0.0055893706914702
SW_022,oeh1,4,4264,65,short,487.82585124,1397.4137,0.00274283686409668
SW_022,oeh1,10,4270,65,short,539.8894723,1283.770375,0.00338053627468976
SW_022,9,7,4287,35,short,471.25266,1136.2237639,0.00785025894631538
SW_023,ee1,2,4312,35,long,395.649597864607,2570.4023,1.91377496288323e-06
SW_023,eh1,10,4330,35,short,414.29928,2302.19085,0.00433339616987668
SW_023,eh1,18,4427,35,short,623.4500907,2084.744313,0.00216163540000391
SW_023,eh1,19,4428,50,short,661.3082461,2049.5952731,1.15043450206613e-05
SW_023,ii1,1,4331,65,long,391.8527972,1913.161691,0.00895647511897302
SW_023,ii1,5,4335,35,long,496.12392,1991.235732,4.65140351939115e-07
SW_023,ih1,1,4341,35,short,439.62769,2613.629,0.000395278973492456
SW_023,ih1,1,4341,65,short,413.522828,2616.3156206,0.00204061692515326
SW_023,ih1,7,4347,65,short,382.8386709,2552.85199,0.00131476712198851
SW_023,oo1,1,4351,50,long,407.9179,884.32153,0.00934813144270376
SW_023,oh1,8,4368,35,short,500.88769,832.3532049,0.00165130999887247
SW_023,yy1,1,4390,35,long,437.235176,1954.097561,0.000882638927287015
SW_023,yy1,2,4391,65,long,376.022229,1870.50649,0.00742566102035146
SW_023,yh1,2,4401,65,short,381.8424,2250.185271,8.54091479998092e-05
SW_023,ae1,1,4410,65,long,814.2302274,1904.729929,8.93025020081786e-07
SW_023,ae1,6,4415,65,long,605.130232,2099.5780066,0.00713213804551902
SW_023,{:,3,4432,65,long,726.0544862,1730.07016,0.00717101258035447
SW_023,{:,5,4434,50,long,731.5561656,1772.8188926,0.00140734880050646
SW_023,{:,5,4434,65,long,711.2712,1784.350616,0.000915069134133422
SW_023,{,5,4443,35,short,729.8268448,1632.513707,0.00974330624837536
SW_023,{,10,4448,65,short,765.85233,1952.492602,0.00247202260895229
SW_023,oah1,1,4459,35,short,411.260774,871.85414,0.00697415728428479
SW_023,9:,4,4491,50,long,593.16645,1335.493503,0.00219319881986054
SW_023,9,4,4501,35,short,560.2505971,1302.1829506,0.00644394379770169
SW_023,9,4,4501,65,short,470.39931,1375.83999,0.009239255296993
SW_024,aa1,2,4509,65,long,687.286,1000.4201212363,0.0028983553500911
SW_024,aa1,5,4512,35,long,734.14218,925.811154718648,0.00948397310124696
SW_024,aa1,8,4515,65,long,634.84546,993.4347957,0.00413846720258812
SW_024,ah1,7,4524,65,short,782.5883,1244.67615,0.00175861247546389
SW_024,ee1,1,4528,50,long,372.7995685,2758.3750431,0.0068021938127771
SW_024,ee1,1,4528,65,long,450.7598,2347.17879981448,0.00339607092636419
SW_024,ee1,3,4530,65,long,544.1053447,2087.186122,0.00653441681719025
SW_024,ee1,6,4533,50,long,411.365831640942,2555.19701751626,0.00543807395202706
SW_024,ee1,7,4534,50,long,410.353709545176,2543.18477,0.00794274048208754
SW_024,ee1,9,4536,65,long,477.234458,2281.02945,0.00348470516614292
SW_024,ee1,10,4537,35,long,405.89071,2827.634708,0.000233782132077889
SW_024,eh1,4,4541,65,short,615.268142,2062.12582,0.00688131650582904
SW_024,eh1,10,4547,65,short,632.266696,2017.376819,0.00597201589073815
SW_024,eh1,11,4641,65,short,765.2344,1791.09966037591,0.00256279028420081
SW_024,eh1,13,4643,65,short,752.068,1792.7979655,0.00420235586054444
SW_024,eh1,17,4647,65,short,737.0409682,1855.191063,0.00898783281002179
SW_024,eh1,18,4648,65,short,729.6429,1849.984226,0.00715140328467465
SW_024,ih1,4,4561,65,short,408.8568184,2637.993918,0.00480200958815927
SW_024,ih1,9,4566,65,short,397.393683,2637.71271,0.00748876902417998
SW_024,oh1,9,4589,50,short,478.80655,842.1564629,0.00305412647667286
SW_024,uu1,1,4591,65,long,286.42399,1658.113041,0.00246685234455615
SW_024,yy1,6,4616,65,long,323.39,1921.301804,0.00614373393034822
SW_024,yh1,5,4625,65,short,428.592077559985,2313.66700908838,0.00756357206297259
SW_024,yh1,6,4626,35,short,423.88025978,2353.36483337,0.00178188765135596
SW_024,yh1,7,4627,35,short,368.27,2444.34349034,0.000396743933589089
SW_024,yh1,9,4629,35,short,381.4292913,2414.3827,0.00254706620854211
SW_024,{:,8,4658,65,long,855.8263395,1556.9891458,0.00064620832349787
SW_024,{,7,4667,65,short,796.685937,1763.102805,0.00269838120862595
SW_024,{,10,4670,50,short,920.7306046,1689.178255,0.00273671400641867
SW_024,oa1,1,4671,35,long,384.30896481,581.6060733,0.00179207976149779
SW_024,oah1,8,4688,50,short,496.636842639739,843.678384331261,0.00141683639974256
SW_024,oe1,4,4694,65,long,674.64186771,1386.855022114,0.000685610127123209
SW_024,oe1,6,4696,65,long,726.65016,1413.75808,0.00655176433380106
SW_024,oe1,8,4698,65,long,752.113179,1418.369806,0.00390255543297011
SW_024,oeh1,4,4704,65,short,569.062186,1558.1196887,0.000988330952927598
SW_024,oeh1,6,4706,65,short,584.70414,1578.33188,0.00763442511617929
SW_024,oeh1,8,4708,65,short,537.293279,1565.50326,0.00668133310465886
SW_024,9:,8,4718,65,long,655.565369678414,1263.820519,0.00911594833699489
SW_024,9:,10,4720,35,long,670.004541,1237.7150121,0.00811579014984025
SW_024,9,6,4726,35,short,551.82893,1212.152217,0.00414986918862286
SW_024,9,8,4728,50,short,534.9587,1270.96457,0.0053971262444661