Talker,Vowel,Token,Trial,Location,Quantity,F1,F2,F0
SW_025,aa1,2,2,20,long,591.192782041432,974.629242814345,101.96
SW_025,aa1,2,2,35,long,601.977821901382,961.0167425023,101.96
SW_025,aa1,2,2,50,long,613.06328280977,917.166284534907,101.96
SW_025,aa1,2,2,65,long,581.338970747036,888.245676535481,101.96
SW_025,aa1,2,2,80,long,559.664227254048,941.704308876916,101.96
SW_025,uu1,4,84,20,long,324.299504545018,1779.54239566214,96.61
SW_025,uu1,4,84,35,long,332.774703340729,1720.76333219937,96.61
SW_025,uu1,4,84,50,long,313.844679535174,1644.5541559688,96.61
SW_025,uu1,4,84,65,long,328.844251433186,1585.88315320065,96.61
SW_025,uu1,4,84,80,long,320.498844989005,1567.44032044031,96.61
SW_025,oa1,5,125,20,long,364.660709539437,582.170680244044,122.95
SW_025,oa1,5,125,35,long,358.678691780353,599.589136903032,122.95
SW_025,oa1,5,125,50,long,383.864493562763,654.297345733046,122.95
SW_025,oa1,5,125,65,long,435.792279014872,828.738857854349,122.95
SW_025,oa1,5,125,80,long,488.052345055651,999.245594125223,122.95
SW_025,oa1,9,129,20,long,401.014293294605,706.843101048006,130.33
SW_025,oa1,9,129,35,long,400.197997083601,660.585710834307,130.33
SW_025,oa1,9,129,50,long,384.657128190426,696.635239261772,130.33
SW_025,oa1,9,129,65,long,450.657930582422,977.355118895512,130.33
SW_025,oa1,9,129,80,long,512.793198461499,1092.10577034019,130.33
SW_025,{:,1,161,20,long,767.872796839696,1733.86949052932,88.54
SW_025,{:,1,161,35,long,733.615438050623,1717.44961295888,88.54
SW_025,{:,1,161,50,long,731.515518017685,1785.25076436957,88.54
SW_025,{:,1,161,65,long,700.219452546398,1777.05796347769,88.54
SW_025,{:,1,161,80,long,641.724931347946,1769.30912423954,88.54
SW_025,9:,6,206,20,long,551.251581527718,1192.40939641336,106.69
SW_025,9:,6,206,35,long,547.89242509286,1190.33910273837,106.69
SW_025,9:,6,206,50,long,574.282396012354,1243.59598522492,106.69
SW_025,9:,6,206,65,long,545.400838649464,1289.73144004239,106.69
SW_025,9:,6,206,80,long,500.246830387283,1446.95256160383,106.69
SW_026,aa1,2,222,20,long,576.369311201782,840.115303791649,131.96
SW_026,aa1,2,222,35,long,562.508054358452,823.570866374384,131.96
SW_026,aa1,2,222,50,long,545.706336442171,786.285791934384,131.96
SW_026,aa1,2,222,65,long,555.461424195912,808.515371663343,131.96
SW_026,aa1,2,222,80,long,551.753954154377,967.955291005642,131.96
SW_026,aa1,8,228,20,long,510.725109810663,773.76648208615,97.38
SW_026,aa1,8,228,35,long,434.095732198303,776.947609513695,97.38
SW_026,aa1,8,228,50,long,511.129934508105,730.439047573505,97.38
SW_026,aa1,8,228,65,long,508.758093143087,743.777394986489,97.38
SW_026,aa1,8,228,80,long,507.310000287309,944.231264761232,97.38
SW_026,aa1,10,230,20,long,554.267931761157,922.280648915196,92.21
SW_026,aa1,10,230,35,long,543.777243906029,872.52734251591,92.21
SW_026,aa1,10,230,50,long,534.430073848699,823.145507938538,92.21
SW_026,aa1,10,230,65,long,524.462971153032,803.137446849166,92.21
SW_026,aa1,10,230,80,long,516.58193803864,843.614059178753,92.21
SW_026,ah1,7,237,20,short,744.712317875882,1093.72572420417,119.29
SW_026,ah1,7,237,35,short,710.071008167632,1082.39736826542,119.29
SW_026,ah1,7,237,50,short,681.810665652511,1063.34346184889,119.29
SW_026,ah1,7,237,65,short,681.157409613606,1088.19643082038,119.29
SW_026,ah1,7,237,80,short,645.362309078589,1090.54912364738,119.29
SW_026,ah1,10,240,20,short,810.534831965431,1172.69287040377,NA
SW_026,ah1,10,240,35,short,749.268329434401,1158.54093524455,NA
SW_026,ah1,10,240,50,short,724.063944513843,1155.76060399136,NA
SW_026,ah1,10,240,65,short,666.493104335337,1105.2707816245,NA
SW_026,ah1,10,240,80,short,644.68693182724,1166.49705376322,NA
SW_026,ee1,2,242,20,long,331.342390910538,2580.54601001108,102.29
SW_026,ee1,2,242,35,long,323.889597112932,2609.14500513514,102.29
SW_026,ee1,2,242,50,long,367.914524303897,2119.66304042959,102.29
SW_026,ee1,2,242,65,long,489.010155076051,1468.65769556197,102.29
SW_026,ee1,2,242,80,long,464.560210944453,1236.10242801068,102.29
SW_026,ee1,6,246,20,long,339.905203314675,2500.67497593425,110.58
SW_026,ee1,6,246,35,long,323.736693066041,2548.99547816799,110.58
SW_026,ee1,6,246,50,long,296.22979114741,2555.44553104188,110.58
SW_026,ee1,6,246,65,long,362.760741924154,2511.02365234091,110.58
SW_026,ee1,6,246,80,long,467.607817202701,1835.89252797482,110.58
SW_026,ii1,2,262,20,long,334.276196140496,1874.34226517457,105.7
SW_026,ii1,2,262,35,long,312.152613203081,1862.12811854471,105.7
SW_026,ii1,2,262,50,long,304.144849279927,1830.84894014214,105.7
SW_026,ii1,2,262,65,long,298.803072522732,1770.80897122665,105.7
SW_026,ii1,2,262,80,long,329.2780325484,1743.65350700597,105.7
SW_026,ii1,3,263,20,long,374.287042304016,1802.72285251828,128.8
SW_026,ii1,3,263,35,long,326.824569485985,1784.74536008592,128.8
SW_026,ii1,3,263,50,long,306.844831956496,1765.32320641412,128.8
SW_026,ii1,3,263,65,long,301.174186754128,1759.26508479167,128.8
SW_026,ii1,3,263,80,long,321.208276514311,1739.15319691834,128.8
SW_026,ii1,4,264,20,long,353.856635419784,1748.55083433886,92.8
SW_026,ii1,4,264,35,long,327.406475136168,1738.46841898979,92.8
SW_026,ii1,4,264,50,long,325.450579672639,1734.10196838363,92.8
SW_026,ii1,4,264,65,long,317.328245363866,1740.60606896383,92.8
SW_026,ii1,4,264,80,long,357.373489240229,1722.9958679444,92.8
SW_026,ii1,5,265,20,long,346.334469057528,1744.99560445965,102.46
SW_026,ii1,5,265,35,long,320.365788988859,1728.31077492858,102.46
SW_026,ii1,5,265,50,long,328.953863999141,1725.4871384361,102.46
SW_026,ii1,5,265,65,long,323.169411496667,1705.57767070867,102.46
SW_026,ii1,5,265,80,long,321.943389985731,1711.77839239657,102.46
SW_026,ii1,6,266,20,long,337.013231088771,1767.95218791844,100.06
SW_026,ii1,6,266,35,long,301.1769295226,1749.21325041155,100.06
SW_026,ii1,6,266,50,long,283.229254652912,1710.73309785925,100.06
SW_026,ii1,6,266,65,long,251.668729239692,1735.4616199039,100.06
SW_026,ii1,6,266,80,long,306.736518213195,1723.95787144634,100.06
SW_026,ii1,7,267,20,long,316.293471059511,1813.38699493629,93.76
SW_026,ii1,7,267,35,long,303.399147775191,1792.03648291686,93.76
SW_026,ii1,7,267,50,long,310.345278084359,1765.06542840143,93.76
SW_026,ii1,7,267,65,long,282.261129596457,1726.95338243365,93.76
SW_026,ii1,7,267,80,long,289.546432726436,1711.88483989207,93.76
SW_026,ii1,9,269,20,long,340.145619332447,1758.16791691626,88.86
SW_026,ii1,9,269,35,long,310.945603533899,1734.88674986922,88.86
SW_026,ii1,9,269,50,long,311.4592305503,1688.1978640102,88.86
SW_026,ii1,9,269,65,long,293.876583659016,1636.4720783878,88.86
SW_026,ii1,9,269,80,long,290.089143841097,1601.9938035907,88.86
SW_026,uu1,4,304,20,long,344.316892494771,1710.96796849629,106.01
SW_026,uu1,4,304,35,long,341.514692540123,1689.63449052219,106.01
SW_026,uu1,4,304,50,long,310.4677378194,1620.61704546394,106.01
SW_026,uu1,4,304,65,long,248.733675008929,1627.60547939183,106.01
SW_026,uu1,4,304,80,long,296.552832039814,1579.01015650078,106.01
SW_026,uu1,5,305,20,long,350.363225592505,1778.38442241534,110.12
SW_026,uu1,5,305,35,long,336.488266211403,1698.69087457836,110.12
SW_026,uu1,5,305,50,long,327.577776357231,1646.37666650696,110.12
SW_026,uu1,5,305,65,long,293.034572267892,1589.23243543898,110.12
SW_026,uu1,5,305,80,long,218.808827166739,1590.31381958558,110.12
SW_026,uu1,6,306,20,long,344.667146542077,1722.11304196742,115.37
SW_026,uu1,6,306,35,long,320.603531146302,1665.58832387425,115.37
SW_026,uu1,6,306,50,long,264.319779764759,1706.4979591384,115.37
SW_026,uu1,6,306,65,long,233.281213299281,1576.25752978051,115.37
SW_026,uu1,6,306,80,long,260.801387479563,1597.20995561842,115.37
SW_026,uu1,8,308,20,long,343.563307583146,1680.4058182346,101.77
SW_026,uu1,8,308,35,long,331.202563038671,1657.06041007152,101.77
SW_026,uu1,8,308,50,long,266.496720954257,1590.03216186035,101.77
SW_026,uu1,8,308,65,long,179.256653360482,1775.7150254629,101.77
SW_026,uu1,8,308,80,long,231.141474918669,1583.42703602302,101.77
SW_026,ae1,6,346,20,long,771.740564471134,1468.21999221765,117.8
SW_026,ae1,6,346,35,long,708.789155243671,1470.14562846251,117.8
SW_026,ae1,6,346,50,long,743.125397659564,1471.91399531071,117.8
SW_026,ae1,6,346,65,long,710.521899183457,1481.00856639486,117.8
SW_026,ae1,6,346,80,long,696.006869736067,1475.90450031966,117.8
SW_026,ae1,9,349,20,long,763.93230437995,1585.1507606934,96.94
SW_026,ae1,9,349,35,long,751.110501336677,1557.41897230352,96.94
SW_026,ae1,9,349,50,long,752.584712020982,1511.41148145587,96.94
SW_026,ae1,9,349,65,long,748.641748993801,1482.04828056406,96.94
SW_026,ae1,9,349,80,long,696.602348615376,1459.0128968063,96.94
SW_026,{:,1,361,20,long,827.947451289448,1435.38153593612,98.19
SW_026,{:,1,361,35,long,869.075919445723,1462.28261394206,98.19
SW_026,{:,1,361,50,long,854.608680312202,1447.07515956354,98.19
SW_026,{:,1,361,65,long,820.094763656191,1452.06610020835,98.19
SW_026,{:,1,361,80,long,758.431976783709,1509.83075324716,98.19
SW_026,{:,2,362,20,long,810.541383669697,1401.82981149113,93.59
SW_026,{:,2,362,35,long,847.476816388446,1408.790975807,93.59
SW_026,{:,2,362,50,long,810.994005534991,1403.43912516918,93.59
SW_026,{:,2,362,65,long,787.487421129548,1414.94798322714,93.59
SW_026,{:,2,362,80,long,758.446620766061,1463.02751142926,93.59
SW_026,{:,3,363,20,long,759.729616929229,1411.57609370412,85.31
SW_026,{:,3,363,35,long,772.499212608026,1400.49427855893,85.31
SW_026,{:,3,363,50,long,756.72391729952,1382.91144837214,85.31
SW_026,{:,3,363,65,long,741.368000439669,1388.61240174844,85.31
SW_026,{:,3,363,80,long,732.309460995326,1451.3764898731,85.31
SW_026,{:,5,365,20,long,754.364943776828,1388.20031243265,103.49
SW_026,{:,5,365,35,long,778.830259575101,1390.06232954604,103.49
SW_026,{:,5,365,50,long,788.438635018802,1384.98003789291,103.49
SW_026,{:,5,365,65,long,767.016118049243,1385.96042768146,103.49
SW_026,{:,5,365,80,long,732.323517090369,1437.97198632554,103.49
SW_026,{:,6,366,20,long,773.965621545863,1434.02756608269,85.34
SW_026,{:,6,366,35,long,774.760217112337,1432.75201028757,85.34
SW_026,{:,6,366,50,long,749.967169568919,1406.28966616008,85.34
SW_026,{:,6,366,65,long,724.427689795761,1409.94151043461,85.34
SW_026,{:,6,366,80,long,687.644965805604,1455.55691170406,85.34
SW_026,{:,8,368,20,long,726.882534414,1370.54112884082,84.87
SW_026,{:,8,368,35,long,729.461296576325,1363.61992702968,84.87
SW_026,{:,8,368,50,long,737.299543994868,1357.3861103021,84.87
SW_026,{:,8,368,65,long,699.671998565336,1356.92133576779,84.87
SW_026,{:,8,368,80,long,702.43679375652,1404.48167526773,84.87
SW_026,{:,9,369,20,long,741.695799609256,1340.18341693471,89.53
SW_026,{:,9,369,35,long,745.679663114978,1368.1317724902,89.53
SW_026,{:,9,369,50,long,740.801470830742,1357.99426861799,89.53
SW_026,{:,9,369,65,long,740.213723553958,1374.70509864567,89.53
SW_026,{:,9,369,80,long,688.396238496447,1470.45011809387,89.53
SW_026,{:,10,370,20,long,729.515877960301,1369.6538732389,88.92
SW_026,{:,10,370,35,long,733.835342619724,1365.19431053602,88.92
SW_026,{:,10,370,50,long,725.604351807275,1360.81853709579,88.92
SW_026,{:,10,370,65,long,700.689636897419,1387.39840545209,88.92
SW_026,{:,10,370,80,long,665.981178626098,1438.67786020236,88.92
SW_026,oa1,2,382,20,long,440.017889363733,481.429068107858,128.4
SW_026,oa1,2,382,35,long,416.488660247862,453.583899789477,128.4
SW_026,oa1,2,382,50,long,418.973619557031,901.721808113858,128.4
SW_026,oa1,2,382,65,long,476.741014186954,688.877411657174,128.4
SW_026,oa1,2,382,80,long,543.627334805564,988.892653447309,128.4
SW_026,oa1,3,383,20,long,364.326746049025,586.484229041698,145.96
SW_026,oa1,3,383,35,long,378.924614604941,419.829337094338,145.96
SW_026,oa1,3,383,50,long,449.506489877827,2184.11721807545,145.96
SW_026,oa1,3,383,65,long,446.329332914961,741.618524671305,145.96
SW_026,oa1,3,383,80,long,521.606839889331,956.202180497507,145.96
SW_026,oa1,7,387,20,long,412.979000236494,508.398517296556,137.59
SW_026,oa1,7,387,35,long,414.129586845199,1947.37411423028,137.59
SW_026,oa1,7,387,50,long,341.706428930403,413.313304411292,137.59
SW_026,oa1,7,387,65,long,427.907463743451,722.823960426188,137.59
SW_026,oa1,7,387,80,long,503.45212047338,974.577257304536,137.59
SW_026,oa1,8,388,20,long,391.63427359049,492.192230292702,103.845
SW_026,oa1,8,388,35,long,369.153964469035,1670.20199922226,103.845
SW_026,oa1,8,388,50,long,339.892908354381,448.619407611472,103.845
SW_026,oa1,8,388,65,long,437.696161319663,877.069806602247,103.845
SW_026,oa1,8,388,80,long,468.241897261456,833.584966683418,103.845
SW_026,oa1,9,389,20,long,383.678711236829,617.229811456965,98.51
SW_026,oa1,9,389,35,long,422.95304485771,497.814293641558,98.51
SW_026,oa1,9,389,50,long,379.324633771642,563.355029533189,98.51
SW_026,oa1,9,389,65,long,435.29815197852,685.837084093462,98.51
SW_026,oa1,9,389,80,long,507.376677894699,989.158374239815,98.51
SW_026,oa1,10,390,20,long,319.486012477631,958.002080191848,124.34
SW_026,oa1,10,390,35,long,369.454718348924,2034.81673539375,124.34
SW_026,oa1,10,390,50,long,480.065068283538,2318.94164663983,124.34
SW_026,oa1,10,390,65,long,471.294594650949,897.332491956853,124.34
SW_026,oa1,10,390,80,long,509.73086022104,1038.83338366882,124.34
SW_026,oe1,2,402,20,long,568.562081539035,1397.1706768114,107.88
SW_026,oe1,2,402,35,long,559.561101651957,1348.56407827544,107.88
SW_026,oe1,2,402,50,long,544.852355175805,1274.96759837345,107.88
SW_026,oe1,2,402,65,long,546.617852958907,1247.12071655704,107.88
SW_026,oe1,2,402,80,long,515.32555529847,1289.20373204736,107.88
SW_026,oe1,3,403,20,long,577.295127188586,1355.52026902003,102.85
SW_026,oe1,3,403,35,long,589.215840677939,1304.00829172314,102.85
SW_026,oe1,3,403,50,long,582.963209524236,1279.85253095166,102.85
SW_026,oe1,3,403,65,long,576.166163700832,1264.0571434567,102.85
SW_026,oe1,3,403,80,long,543.529848383169,1291.86374095793,102.85
SW_026,oeh1,4,414,20,short,481.692043514222,1534.62560485939,108.84
SW_026,oeh1,4,414,35,short,490.357130053305,1495.24575722264,108.84
SW_026,oeh1,4,414,50,short,458.520569876309,1482.72390314772,108.84
SW_026,oeh1,4,414,65,short,431.813117625981,1466.08218213297,108.84
SW_026,oeh1,4,414,80,short,403.539140424252,1444.77384575288,108.84
SW_026,oeh1,9,419,20,short,505.16584550689,1490.93650708522,114.51
SW_026,oeh1,9,419,35,short,506.336515929655,1463.12798631337,114.51
SW_026,oeh1,9,419,50,short,498.043212116161,1447.12530169945,114.51
SW_026,oeh1,9,419,65,short,453.407152320059,1447.8780391339,114.51
SW_026,oeh1,9,419,80,short,415.102904893468,1448.19095790206,114.51
SW_026,9:,2,422,20,long,550.611087716729,1112.75154725785,121.49
SW_026,9:,2,422,35,long,553.749499659732,1096.40711880206,121.49
SW_026,9:,2,422,50,long,560.881731819514,1132.76439961973,121.49
SW_026,9:,2,422,65,long,555.670012277024,1100.13011407216,121.49
SW_026,9:,2,422,80,long,546.458814926641,1261.17820848611,121.49
SW_026,9:,3,423,20,long,555.488733960139,1064.47169652151,99.72
SW_026,9:,3,423,35,long,560.500172395479,1043.47669127472,99.72
SW_026,9:,3,423,50,long,557.760570440517,1049.30291571239,99.72
SW_026,9:,3,423,65,long,559.736276244798,1089.5857316152,99.72
SW_026,9:,3,423,80,long,546.513177309268,1178.56017897571,99.72
SW_026,9:,4,424,20,long,532.081748253334,1105.96485288736,120.54
SW_026,9:,4,424,35,long,526.603488340923,1096.08055327848,120.54
SW_026,9:,4,424,50,long,530.671242115398,1077.65234692756,120.54
SW_026,9:,4,424,65,long,524.665009015756,1063.00423027399,120.54
SW_026,9:,4,424,80,long,523.520577973538,1134.6433470958,120.54
SW_026,9:,5,425,20,long,515.213465895981,1054.36940223265,102.76
SW_026,9:,5,425,35,long,515.138084239284,1046.65085647555,102.76
SW_026,9:,5,425,50,long,514.497529104265,1020.29866356875,102.76
SW_026,9:,5,425,65,long,509.668247835806,1010.29488114984,102.76
SW_026,9:,5,425,80,long,506.285721408512,1070.11734340103,102.76
SW_026,9:,6,426,20,long,545.267086144451,1082.38935235269,100.73
SW_026,9:,6,426,35,long,547.638680283025,1078.77480258555,100.73
SW_026,9:,6,426,50,long,540.633821998544,1062.78342166783,100.73
SW_026,9:,6,426,65,long,537.059190745097,1099.1445060671,100.73
SW_026,9:,6,426,80,long,529.468152205697,1248.12790038578,100.73
SW_026,9:,7,427,20,long,530.974522823003,1048.74501718144,95.81
SW_026,9:,7,427,35,long,527.042596071839,1029.24390084169,95.81
SW_026,9:,7,427,50,long,517.63241314712,1022.62597948186,95.81
SW_026,9:,7,427,65,long,509.415863838759,1037.43829295797,95.81
SW_026,9:,7,427,80,long,521.199550381337,1143.99434934128,95.81
SW_026,9:,8,428,20,long,545.460389458923,1092.56256492211,104.36
SW_026,9:,8,428,35,long,532.57020877893,1078.5274984164,104.36
SW_026,9:,8,428,50,long,538.329693499901,1058.26167227711,104.36
SW_026,9:,8,428,65,long,522.265883499561,1072.95992364285,104.36
SW_026,9:,8,428,80,long,526.828548268507,1236.35305953405,104.36
SW_026,9:,9,429,20,long,534.461569807657,1116.76293070682,92.63
SW_026,9:,9,429,35,long,539.567826528995,1098.11179518356,92.63
SW_026,9:,9,429,50,long,526.231915219366,1069.90795096613,92.63
SW_026,9:,9,429,65,long,520.875767556516,1077.33859810474,92.63
SW_026,9:,9,429,80,long,504.162795433909,1163.32182892717,92.63
SW_026,9:,10,430,20,long,530.200630097336,1079.75979940847,92.94
SW_026,9:,10,430,35,long,525.74616637118,1058.05840797928,92.94
SW_026,9:,10,430,50,long,520.711331494903,1031.40389169823,92.94
SW_026,9:,10,430,65,long,509.480313275143,1018.8252899655,92.94
SW_026,9:,10,430,80,long,511.841131393785,1124.54523496908,92.94
SW_026,9,2,432,20,short,473.045592653324,1126.82033357143,114.78
SW_026,9,2,432,35,short,486.594731693068,1067.34732578083,114.78
SW_026,9,2,432,50,short,477.430487759316,1059.37821881816,114.78
SW_026,9,2,432,65,short,471.058430130315,1103.84463893141,114.78
SW_026,9,2,432,80,short,468.201898863968,1252.25502650394,114.78
SW_026,9,3,433,20,short,466.052881162356,1067.3601287613,110.08
SW_026,9,3,433,35,short,487.212148273551,1061.95070440546,110.08
SW_026,9,3,433,50,short,471.765380312791,1066.37683159333,110.08
SW_026,9,3,433,65,short,465.731262760232,1107.50610586726,110.08
SW_026,9,3,433,80,short,458.387374053715,1177.80834328038,110.08
SW_026,9,7,437,20,short,473.737985938987,1039.58172933283,113.74
SW_026,9,7,437,35,short,487.771297574742,1020.17071187237,113.74
SW_026,9,7,437,50,short,458.464009351624,1054.98941445477,113.74
SW_026,9,7,437,65,short,460.127177898277,1157.07867443446,113.74
SW_026,9,7,437,80,short,453.673029188857,1300.06772136291,113.74
SW_026,9,10,440,20,short,461.575571745422,1063.13382005936,NA
SW_026,9,10,440,35,short,444.598947065583,1078.40624431849,NA
SW_026,9,10,440,50,short,436.60673873191,1165.03211615818,NA
SW_026,9,10,440,65,short,441.630534750971,1276.41594070206,NA
SW_026,9,10,440,80,short,431.660503853497,1388.79741048546,NA
SW_027,aa1,1,441,20,long,543.724738555007,842.330453763601,130.55
SW_027,aa1,1,441,35,long,608.748346264704,889.020264710693,130.55
SW_027,aa1,1,441,50,long,661.295479118741,892.516879461661,130.55
SW_027,aa1,1,441,65,long,599.377039352101,956.211723736845,130.55
SW_027,aa1,1,441,80,long,603.503020921137,943.169684569605,130.55
SW_027,{:,1,581,20,long,702.668711580046,1556.27529009143,122.6
SW_027,{:,1,581,35,long,701.729546150842,1466.20326473195,122.6
SW_027,{:,1,581,50,long,746.592387002674,1484.6106854688,122.6
SW_027,{:,1,581,65,long,695.887102078012,1469.43642656512,122.6
SW_027,{:,1,581,80,long,666.998262247529,1605.5502581493,122.6
SW_028,aa1,1,661,20,long,602.685999373017,768.437333811997,137.76
SW_028,aa1,1,661,35,long,603.352449314932,820.961204240528,137.76
SW_028,aa1,1,661,50,long,625.715310183445,825.305009810495,137.76
SW_028,aa1,1,661,65,long,640.084075020896,831.24435001026,137.76
SW_028,aa1,1,661,80,long,637.181698919268,876.490080980256,137.76
SW_028,ee1,9,689,20,long,307.807257707747,2571.30896914372,128.87
SW_028,ee1,9,689,35,long,355.657492366104,2505.75113197054,128.87
SW_028,ee1,9,689,50,long,420.119122140168,2156.64947582813,128.87
SW_028,ee1,9,689,65,long,514.102914639669,1835.90921852603,128.87
SW_028,ee1,9,689,80,long,485.134294985686,1625.606318813,128.87
SW_028,{:,5,805,20,long,820.924375045699,1538.62083763908,118.65
SW_028,{:,5,805,35,long,809.319728276859,1544.66953600697,118.65
SW_028,{:,5,805,50,long,834.431149582037,1540.29200337826,118.65
SW_028,{:,5,805,65,long,792.180625043381,1539.09932648986,118.65
SW_028,{:,5,805,80,long,720.329992287259,1582.17112850474,118.65
SW_028,{:,9,809,20,long,858.133843695145,1597.90887302533,140.15
SW_028,{:,9,809,35,long,884.176814705697,1597.62637596246,140.15
SW_028,{:,9,809,50,long,894.936555075969,1588.79761369635,140.15
SW_028,{:,9,809,65,long,772.98231544118,1594.04453140358,140.15
SW_028,{:,9,809,80,long,722.690070631665,1579.3600596365,140.15
SW_031,aa1,10,1330,20,long,520.302452788807,983.079535591201,NA
SW_031,aa1,10,1330,35,long,553.376868404732,1002.5131857628,NA
SW_031,aa1,10,1330,50,long,580.43618768848,969.036855935772,NA
SW_031,aa1,10,1330,65,long,578.047995070859,1095.45693896962,NA
SW_031,aa1,10,1330,80,long,522.958835267353,1130.61830739055,NA
SW_031,ah1,3,1333,20,short,809.088162851576,1393.49042306673,NA
SW_031,ah1,3,1333,35,short,820.677503350936,1406.99685950981,NA
SW_031,ah1,3,1333,50,short,834.291745448269,1401.13066421897,NA
SW_031,ah1,3,1333,65,short,744.208301469348,1427.90036486904,NA
SW_031,ah1,3,1333,80,short,719.561569446273,1398.11818009786,NA
SW_031,eh1,9,1359,20,short,570.722132028966,1913.01181462791,NA
SW_031,eh1,9,1359,35,short,568.469500741409,1880.18056916009,NA
SW_031,eh1,9,1359,50,short,552.663170613964,1863.90004494327,NA
SW_031,eh1,9,1359,65,short,532.851703974967,1862.30123391375,NA
SW_031,eh1,9,1359,80,short,500.538637399086,1821.46179677366,NA
SW_031,ae1,9,1449,20,long,658.921873801388,1768.73916485746,106.88
SW_031,ae1,9,1449,35,long,576.926785356623,1745.60168797332,106.88
SW_031,ae1,9,1449,50,long,655.957512599882,1716.2030090754,106.88
SW_031,ae1,9,1449,65,long,554.568872751218,1665.44121822047,106.88
SW_031,ae1,9,1449,80,long,663.249460788175,1675.50717007279,106.88
SW_031,9:,6,1526,20,long,618.824388435744,1301.65319290498,102.48
SW_031,9:,6,1526,35,long,608.395550535336,1304.21321714921,102.48
SW_031,9:,6,1526,50,long,506.953650688697,1369.93307655475,102.48
SW_031,9:,6,1526,65,long,644.657054658287,1403.03378204668,102.48
SW_031,9:,6,1526,80,long,372.319076676156,1557.45509249064,102.48
SW_032,ee1,2,1562,20,long,368.53019574826,2203.46704753083,123.34
SW_032,ee1,2,1562,35,long,360.315122091422,2192.66281332468,123.34
SW_032,ee1,2,1562,50,long,368.318870350775,2024.63229773824,123.34
SW_032,ee1,2,1562,65,long,420.54541617373,1829.06035929451,123.34
SW_032,ee1,2,1562,80,long,547.306084008725,1506.74881165703,123.34
SW_032,{:,4,1684,20,long,729.523535067393,1258.01493139754,107.94
SW_032,{:,4,1684,35,long,750.386152524775,1286.27143889216,107.94
SW_032,{:,4,1684,50,long,740.779085425029,1263.60472946381,107.94
SW_032,{:,4,1684,65,long,741.201604992488,1293.4154970532,107.94
SW_032,{:,4,1684,80,long,715.013273989035,1389.2085366824,107.94
SW_032,oa1,2,1702,20,long,382.757141736677,743.492629756113,126.26
SW_032,oa1,2,1702,35,long,406.071522840686,571.547107605261,126.26
SW_032,oa1,2,1702,50,long,414.301825739465,606.181468448055,126.26
SW_032,oa1,2,1702,65,long,492.892323678354,674.013033513253,126.26
SW_032,oa1,2,1702,80,long,580.957202664481,791.460826764218,126.26
SW_032,oa1,6,1706,20,long,376.559805442573,556.493625147916,116.68
SW_032,oa1,6,1706,35,long,386.747598834995,495.534906946486,116.68
SW_032,oa1,6,1706,50,long,427.534532261149,2323.67388850565,116.68
SW_032,oa1,6,1706,65,long,544.602337438315,635.251709909474,116.68
SW_032,oa1,6,1706,80,long,611.055073054883,770.054308270378,116.68
SW_032,oa1,7,1707,20,long,357.99150942905,478.114859699059,120.18
SW_032,oa1,7,1707,35,long,374.46216433644,456.088803375406,120.18
SW_032,oa1,7,1707,50,long,398.804898745969,2168.20361091304,120.18
SW_032,oa1,7,1707,65,long,465.675204122086,1237.15235378317,120.18
SW_032,oa1,7,1707,80,long,625.30409548178,1174.70951822537,120.18
SW_033,ee1,1,1781,20,long,341.893001164536,2199.49939006926,117.77
SW_033,ee1,1,1781,35,long,341.285342115553,2209.89497423388,117.77
SW_033,ee1,1,1781,50,long,350.487427622792,2185.55982328575,117.77
SW_033,ee1,1,1781,65,long,420.699455766692,1980.42537853017,117.77
SW_033,ee1,1,1781,80,long,440.81804197215,1774.52007431263,117.77
SW_033,uh1,2,1852,20,short,380.992448173869,1012.54664856988,96.37
SW_033,uh1,2,1852,35,short,367.641922897214,993.760727986745,96.37
SW_033,uh1,2,1852,50,short,328.586635229875,981.062925049729,96.37
SW_033,uh1,2,1852,65,short,358.112193141862,1026.23983428346,96.37
SW_033,uh1,2,1852,80,short,342.867551636785,1049.62832693018,96.37
SW_033,ae1,2,1882,20,long,515.725420473001,1769.30491063762,104.55
SW_033,ae1,2,1882,35,long,513.203374081171,1739.57526937954,104.55
SW_033,ae1,2,1882,50,long,462.904708371373,1707.37770023877,104.55
SW_033,ae1,2,1882,65,long,517.500918562269,1515.88756981697,104.55
SW_033,ae1,2,1882,80,long,534.363641712429,1554.99887895836,104.55
SW_033,{:,1,1901,20,long,729.828472370896,1400.87738867802,102.63
SW_033,{:,1,1901,35,long,744.422399435857,1383.14957130824,102.63
SW_033,{:,1,1901,50,long,724.794999820031,1438.27086033751,102.63
SW_033,{:,1,1901,65,long,678.116727140926,1429.67201560821,102.63
SW_033,{:,1,1901,80,long,673.157356739963,1493.02838660575,102.63
SW_033,{:,3,1903,20,long,730.778952291255,1304.00556639681,92.78
SW_033,{:,3,1903,35,long,683.180995478963,1292.97378497537,92.78
SW_033,{:,3,1903,50,long,679.420054729009,1323.32136674328,92.78
SW_033,{:,3,1903,65,long,665.7159237207,1386.51015411906,92.78
SW_033,{:,3,1903,80,long,610.755137313804,1426.9820665786,92.78
SW_033,{:,5,1905,20,long,693.461929873691,1342.93493272002,103.24
SW_033,{:,5,1905,35,long,660.508443531413,1333.06330483427,103.24
SW_033,{:,5,1905,50,long,634.103251637638,1314.51009374873,103.24
SW_033,{:,5,1905,65,long,604.575258544838,1363.91731960372,103.24
SW_033,{:,5,1905,80,long,585.483276381244,1499.1859981444,103.24
SW_033,{:,9,1909,20,long,681.86789203855,1315.35846058967,97.6
SW_033,{:,9,1909,35,long,689.031116127186,1321.48936780286,97.6
SW_033,{:,9,1909,50,long,681.397988756354,1319.33401216063,97.6
SW_033,{:,9,1909,65,long,671.902561243985,1404.95519862184,97.6
SW_033,{:,9,1909,80,long,610.43570313903,1435.8856956654,97.6
SW_033,{:,10,1910,20,long,729.360375468848,1371.55373969058,95.8
SW_033,{:,10,1910,35,long,681.459067365842,1342.45254821471,95.8
SW_033,{:,10,1910,50,long,680.750724904664,1351.69179863903,95.8
SW_033,{:,10,1910,65,long,661.129675870787,1391.88591007363,95.8
SW_033,{:,10,1910,80,long,600.895567573945,1396.14423663316,95.8
SW_033,oeh1,6,1956,20,short,499.5318186782,1446.53036255938,123.2
SW_033,oeh1,6,1956,35,short,482.343909166524,1437.62315486401,123.2
SW_033,oeh1,6,1956,50,short,497.925162744275,1420.26272662846,123.2
SW_033,oeh1,6,1956,65,short,469.351177071348,1370.94156633243,123.2
SW_033,oeh1,6,1956,80,short,428.438302722244,1327.5970939603,123.2
SW_033,9:,4,1964,20,long,479.490106409609,1048.55391823808,108.55
SW_033,9:,4,1964,35,long,482.410136004931,1036.83156391081,108.55
SW_033,9:,4,1964,50,long,498.673016202175,1076.49703530352,108.55
SW_033,9:,4,1964,65,long,501.256270246098,1102.92152030923,108.55
SW_033,9:,4,1964,80,long,472.931940103306,1088.05349726473,108.55
SW_033,9:,6,1966,20,long,488.680881304392,1051.12803408418,107.45
SW_033,9:,6,1966,35,long,482.732320165642,1036.61763577357,107.45
SW_033,9:,6,1966,50,long,500.470784059369,1059.9647071216,107.45
SW_033,9:,6,1966,65,long,442.315140962668,1099.89772945212,107.45
SW_033,9:,6,1966,80,long,468.058199828741,1154.55648552131,107.45
SW_036,aa1,7,2427,20,long,561.232287333623,914.204393311132,135.06
SW_036,aa1,7,2427,35,long,573.831111110296,879.733151148622,135.06
SW_036,aa1,7,2427,50,long,566.09099405558,889.524495755736,135.06
SW_036,aa1,7,2427,65,long,565.24642090632,886.157025173756,135.06
SW_036,aa1,7,2427,80,long,568.536208739649,866.321819357398,135.06
SW_036,aa1,10,2430,20,long,578.693655855875,916.0553681172,132.71
SW_036,aa1,10,2430,35,long,596.492399858851,927.145029754105,132.71
SW_036,aa1,10,2430,50,long,561.916301817405,899.745495231043,132.71
SW_036,aa1,10,2430,65,long,561.921809954621,906.913884786367,132.71
SW_036,aa1,10,2430,80,long,585.3295432855,974.503993848386,132.71
SW_036,ah1,1,2431,20,short,688.617000331881,1084.45049013226,63.3
SW_036,ah1,1,2431,35,short,696.386034633576,1052.8136114856,63.3
SW_036,ah1,1,2431,50,short,697.431866330394,1062.72875422353,63.3
SW_036,ah1,1,2431,65,short,588.718274448285,1016.22783885782,63.3
SW_036,ah1,1,2431,80,short,549.770593053856,1007.70717715432,63.3
SW_036,ah1,2,2432,20,short,677.262642321293,1060.3946021988,60.8
SW_036,ah1,2,2432,35,short,640.14127681564,1034.3277383107,60.8
SW_036,ah1,2,2432,50,short,642.517976565685,1030.52045517688,60.8
SW_036,ah1,2,2432,65,short,577.184003003697,1007.32847629164,60.8
SW_036,ah1,2,2432,80,short,543.862674357225,1037.08046480548,60.8
SW_036,ah1,3,2433,20,short,648.293298981751,1084.46184366767,59.11
SW_036,ah1,3,2433,35,short,655.874026332279,1066.52995977755,59.11
SW_036,ah1,3,2433,50,short,680.751636441907,1060.28924488857,59.11
SW_036,ah1,3,2433,65,short,577.755186909882,1019.114543776,59.11
SW_036,ah1,3,2433,80,short,601.38059694521,1017.60506428033,59.11
SW_036,ah1,4,2434,20,short,636.818986137771,1118.0057478279,64.1
SW_036,ah1,4,2434,35,short,627.155258385609,1074.66100209626,64.1
SW_036,ah1,4,2434,50,short,653.847111308958,1057.91719973947,64.1
SW_036,ah1,4,2434,65,short,627.348951334418,1035.65067373751,64.1
SW_036,ah1,4,2434,80,short,601.076230508235,984.417054611502,64.1
SW_036,ah1,6,2436,20,short,717.495519996339,1112.39952903308,NA
SW_036,ah1,6,2436,35,short,692.993591557908,1077.28659322398,NA
SW_036,ah1,6,2436,50,short,687.394011000797,1088.0408421621,NA
SW_036,ah1,6,2436,65,short,649.037770320478,1066.17859486466,NA
SW_036,ah1,6,2436,80,short,621.396195922241,1035.92993611608,NA
SW_036,ee1,2,2442,20,long,335.045228748653,2375.00333323492,135.2
SW_036,ee1,2,2442,35,long,341.088060350937,2437.43391203563,135.2
SW_036,ee1,2,2442,50,long,354.260063093991,2196.30509195845,135.2
SW_036,ee1,2,2442,65,long,453.378483987289,1765.77332336824,135.2
SW_036,ee1,2,2442,80,long,507.184614629046,1418.15889714794,135.2
SW_036,oo1,1,2481,20,long,371.260525988267,758.850461366434,136.53
SW_036,oo1,1,2481,35,long,354.608042300858,692.967068481174,136.53
SW_036,oo1,1,2481,50,long,304.965035934146,662.956627485557,136.53
SW_036,oo1,1,2481,65,long,324.532483210948,693.692625896106,136.53
SW_036,oo1,1,2481,80,long,208.91384661138,840.349992074866,136.53
SW_036,oo1,6,2486,20,long,382.097532253592,796.719268059713,132.96
SW_036,oo1,6,2486,35,long,350.592274222646,754.801845617052,132.96
SW_036,oo1,6,2486,50,long,320.28917014449,718.881125274835,132.96
SW_036,oo1,6,2486,65,long,261.179171496957,681.53218579356,132.96
SW_036,oo1,6,2486,80,long,315.227085685103,814.255366274743,132.96
SW_036,oh1,8,2498,20,short,489.182172729409,788.863047524918,134.64
SW_036,oh1,8,2498,35,short,457.361322344646,768.90687328878,134.64
SW_036,oh1,8,2498,50,short,449.256762814474,773.901686576732,134.64
SW_036,oh1,8,2498,65,short,431.745916255462,776.549391382054,134.64
SW_036,oh1,8,2498,80,short,392.447815802778,809.085964115738,134.64
SW_036,ae1,6,2546,20,long,585.115834048876,1694.19967704245,110.43
SW_036,ae1,6,2546,35,long,524.62042286528,1654.55299846124,110.43
SW_036,ae1,6,2546,50,long,385.797042716126,1517.78992861282,110.43
SW_036,ae1,6,2546,65,long,482.038875618592,1496.91779143439,110.43
SW_036,ae1,6,2546,80,long,581.007661351476,1388.33494944385,110.43
SW_036,ae1,10,2550,20,long,583.872086382863,1697.41180369873,60.09
SW_036,ae1,10,2550,35,long,599.657333661203,1707.12639877795,60.09
SW_036,ae1,10,2550,50,long,591.012071576487,1584.60763598784,60.09
SW_036,ae1,10,2550,65,long,576.291590558201,1507.75960464655,60.09
SW_036,ae1,10,2550,80,long,602.116599208566,1401.04752211149,60.09
SW_036,{:,1,2561,20,long,712.453997133251,1479.82567588928,128.44
SW_036,{:,1,2561,35,long,753.638824366524,1457.16778068555,128.44
SW_036,{:,1,2561,50,long,661.144535895337,1421.67700911418,128.44
SW_036,{:,1,2561,65,long,623.157931073077,1479.9785852957,128.44
SW_036,{:,1,2561,80,long,577.665566640186,1471.1272000027,128.44
SW_036,{:,4,2564,20,long,668.23046309953,1431.03869859927,63.87
SW_036,{:,4,2564,35,long,679.559436848682,1452.47903884666,63.87
SW_036,{:,4,2564,50,long,686.207775346411,1414.61174898086,63.87
SW_036,{:,4,2564,65,long,615.093176334341,1389.87408063001,63.87
SW_036,{:,4,2564,80,long,628.718833939733,1443.49890116905,63.87
SW_036,{:,8,2568,20,long,673.324156093562,1431.73230865597,118.26
SW_036,{:,8,2568,35,long,633.074031435326,1396.51660917679,118.26
SW_036,{:,8,2568,50,long,658.422803022782,1385.87587479071,118.26
SW_036,{:,8,2568,65,long,639.947581642441,950.283094082987,118.26
SW_036,{:,8,2568,80,long,528.910755091894,1260.33275131895,118.26
SW_036,{,1,2571,20,short,627.826213978966,1449.93875441954,141.37
SW_036,{,1,2571,35,short,608.278818979088,1458.96480662104,141.37
SW_036,{,1,2571,50,short,650.238175784263,1472.77471608238,141.37
SW_036,{,1,2571,65,short,602.594907157116,1476.65706316421,141.37
SW_036,{,1,2571,80,short,589.963670213217,1439.10216474766,141.37
SW_036,{,4,2574,20,short,597.750328864114,1460.52170098784,60.43
SW_036,{,4,2574,35,short,610.888620524456,1462.02839888793,60.43
SW_036,{,4,2574,50,short,593.000663829269,1444.03173400265,60.43
SW_036,{,4,2574,65,short,550.37688277284,1436.06512462041,60.43
SW_036,{,4,2574,80,short,589.79193613248,1459.46083230778,60.43
SW_036,oa1,6,2586,20,long,411.512517335759,445.036597766174,125.49
SW_036,oa1,6,2586,35,long,448.403304669273,1904.02487449816,125.49
SW_036,oa1,6,2586,50,long,397.905069609765,624.544886468119,125.49
SW_036,oa1,6,2586,65,long,431.183869841154,712.065362067846,125.49
SW_036,oa1,6,2586,80,long,468.065428414218,831.506907776445,125.49
SW_036,oah1,1,2591,20,short,469.7058971632,637.23614447192,130.56
SW_036,oah1,1,2591,35,short,487.367054755572,672.795911233706,130.56
SW_036,oah1,1,2591,50,short,461.335238767441,668.925164684014,130.56
SW_036,oah1,1,2591,65,short,423.223251992528,729.875112954431,130.56
SW_036,oah1,1,2591,80,short,393.740831241426,753.2121543102,130.56
SW_036,oe1,2,2602,20,long,543.913879934783,1424.91544215417,109.1
SW_036,oe1,2,2602,35,long,545.95528434376,1406.01816886215,109.1
SW_036,oe1,2,2602,50,long,543.374243872484,1369.50403226763,109.1
SW_036,oe1,2,2602,65,long,548.260646522043,1293.02674806645,109.1
SW_036,oe1,2,2602,80,long,521.895795888518,1175.97965695438,109.1
SW_036,oe1,4,2604,20,long,519.10698645203,1411.81676492573,122.18
SW_036,oe1,4,2604,35,long,526.914731843364,1327.39174482004,122.18
SW_036,oe1,4,2604,50,long,547.469991043387,1321.77042229173,122.18
SW_036,oe1,4,2604,65,long,573.153011365472,1274.45730480072,122.18
SW_036,oe1,4,2604,80,long,543.6479936194,1223.44549066745,122.18
SW_036,oe1,5,2605,20,long,529.090732071129,1426.54336611226,123.07
SW_036,oe1,5,2605,35,long,510.886756877499,1389.93468983625,123.07
SW_036,oe1,5,2605,50,long,567.49989938671,1335.8421952083,123.07
SW_036,oe1,5,2605,65,long,550.840746900503,1255.40373299827,123.07
SW_036,oe1,5,2605,80,long,513.86146743473,1152.4008371278,123.07
SW_036,oe1,9,2609,20,long,564.717973462748,1488.18538797119,128.15
SW_036,oe1,9,2609,35,long,538.252350366666,1399.84635103491,128.15
SW_036,oe1,9,2609,50,long,551.105202776162,1427.25137858832,128.15
SW_036,oe1,9,2609,65,long,561.517200336629,1342.10707157099,128.15
SW_036,oe1,9,2609,80,long,597.870389761677,1345.41755576835,128.15
SW_036,9:,7,2627,20,long,501.754444626449,1106.48873133447,139.33
SW_036,9:,7,2627,35,long,500.340547565497,1079.95381867914,139.33
SW_036,9:,7,2627,50,long,508.481062754264,1062.80651250735,139.33
SW_036,9:,7,2627,65,long,538.493946992206,1102.57098872051,139.33
SW_036,9:,7,2627,80,long,549.817217180219,1202.63504216414,139.33
SW_037,ae1,6,2766,20,long,777.012849211815,1555.22247358466,167.41
SW_037,ae1,6,2766,35,long,832.694634900288,1768.77950779438,167.41
SW_037,ae1,6,2766,50,long,790.211027005921,1827.58595806715,167.41
SW_037,ae1,6,2766,65,long,810.052921377481,1744.47957439442,167.41
SW_037,ae1,6,2766,80,long,751.289303234287,1610.91154021392,167.41
SW_037,ae1,7,2767,20,long,656.888229886005,1916.71370761112,165.45
SW_037,ae1,7,2767,35,long,808.472146858367,1995.82100486938,165.45
SW_037,ae1,7,2767,50,long,891.21133503555,1877.69769607199,165.45
SW_037,ae1,7,2767,65,long,831.096471917815,1703.75823259331,165.45
SW_037,ae1,7,2767,80,long,747.045319896043,1550.42111441629,165.45
SW_037,{:,4,2784,20,long,871.036718784043,1560.22061045779,176.92
SW_037,{:,4,2784,35,long,920.687135587346,1606.5320491892,176.92
SW_037,{:,4,2784,50,long,886.010297141429,1592.11530581811,176.92
SW_037,{:,4,2784,65,long,834.789730079018,1626.23702572853,176.92
SW_037,{:,4,2784,80,long,622.371304945283,1656.54614610183,176.92
SW_037,{,10,2800,20,short,962.967424144096,1735.3402041317,NA
SW_037,{,10,2800,35,short,900.769919067392,1851.61954997416,NA
SW_037,{,10,2800,50,short,915.004259967488,1760.45372354883,NA
SW_037,{,10,2800,65,short,953.558718366318,1771.97672633801,NA
SW_037,{,10,2800,80,short,905.820851629038,1815.80865432501,NA
SW_037,oa1,4,2804,20,long,377.143480484779,486.634812631871,206.8
SW_037,oa1,4,2804,35,long,415.750546917474,568.483789037416,206.8
SW_037,oa1,4,2804,50,long,448.082619727612,729.054933663837,206.8
SW_037,oa1,4,2804,65,long,486.703106464982,902.145092787188,206.8
SW_037,oa1,4,2804,80,long,556.845011508829,1089.78493479048,206.8
SW_037,oe1,1,2821,20,long,615.091859504867,1465.05464437851,168.7
SW_037,oe1,1,2821,35,long,657.822297011251,1542.38596859343,168.7
SW_037,oe1,1,2821,50,long,657.759325093141,1502.46777400157,168.7
SW_037,oe1,1,2821,65,long,633.88300879183,1383.67803453585,168.7
SW_037,oe1,1,2821,80,long,594.285978089687,1381.3828504851,168.7
SW_037,oe1,2,2822,20,long,632.786782568343,1370.97474240761,131.67
SW_037,oe1,2,2822,35,long,516.172352412798,1526.205619563,131.67
SW_037,oe1,2,2822,50,long,601.113385032153,1478.83447025002,131.67
SW_037,oe1,2,2822,65,long,651.075713011648,1445.0960336372,131.67
SW_037,oe1,2,2822,80,long,637.002790887609,1404.45743106495,131.67
SW_037,oe1,8,2828,20,long,561.866749834676,1647.28076427027,155.02
SW_037,oe1,8,2828,35,long,611.336768453596,1545.96571436905,155.02
SW_037,oe1,8,2828,50,long,601.242971908143,1594.05665380514,155.02
SW_037,oe1,8,2828,65,long,632.381121093036,1466.1705116787,155.02
SW_037,oe1,8,2828,80,long,613.512081836868,1465.31692687567,155.02
SW_038,ah1,3,2873,20,short,631.835832416958,1128.54991564836,99.48
SW_038,ah1,3,2873,35,short,671.61733616158,1117.48270488832,99.48
SW_038,ah1,3,2873,50,short,668.817964626929,1099.13747367669,99.48
SW_038,ah1,3,2873,65,short,658.648924786212,1079.60027921356,99.48
SW_038,ah1,3,2873,80,short,599.655195649982,1064.63726090643,99.48
SW_039,aa1,5,3085,20,long,546.745886610298,863.851245176103,119.9
SW_039,aa1,5,3085,35,long,600.766293304498,816.882060647385,119.9
SW_039,aa1,5,3085,50,long,626.252316167726,835.995123067966,119.9
SW_039,aa1,5,3085,65,long,647.825763994252,863.028066357393,119.9
SW_039,aa1,5,3085,80,long,633.194786475455,757.032199540523,119.9
SW_039,ah1,6,3096,20,short,667.8041304786,1138.84988844118,82.79
SW_039,ah1,6,3096,35,short,697.282926053659,1108.20509574149,82.79
SW_039,ah1,6,3096,50,short,671.634233080341,1078.71741602113,82.79
SW_039,ah1,6,3096,65,short,668.216533492103,1013.35854593611,82.79
SW_039,ah1,6,3096,80,short,659.242158997599,1018.94610128502,82.79
SW_039,ah1,7,3097,20,short,686.342642682142,1129.89873566438,115.14
SW_039,ah1,7,3097,35,short,701.571373451345,1105.06292392217,115.14
SW_039,ah1,7,3097,50,short,705.94489993698,1128.85979790737,115.14
SW_039,ah1,7,3097,65,short,694.925764371137,1092.5856794554,115.14
SW_039,ah1,7,3097,80,short,640.241314512577,1071.12351912529,115.14
SW_039,ee1,1,3101,20,long,266.005692025945,2332.66558176525,167.54
SW_039,ee1,1,3101,35,long,304.306897751927,2335.29013363726,167.54
SW_039,ee1,1,3101,50,long,263.060041863296,2388.42468838662,167.54
SW_039,ee1,1,3101,65,long,408.731976996152,1974.36392881535,167.54
SW_039,ee1,1,3101,80,long,462.066933055243,1514.51904552959,167.54
SW_039,ee1,3,3103,20,long,339.463958681563,2045.20533770089,113.62
SW_039,ee1,3,3103,35,long,308.81421676834,2412.64366570032,113.62
SW_039,ee1,3,3103,50,long,333.909053710776,2402.80784803345,113.62
SW_039,ee1,3,3103,65,long,383.690484192375,2268.87359736338,113.62
SW_039,ee1,3,3103,80,long,493.812655606304,1666.55780051415,113.62
SW_039,ee1,6,3106,20,long,306.289939704051,2373.71880390232,126.67
SW_039,ee1,6,3106,35,long,316.364620183895,2413.22451414733,126.67
SW_039,ee1,6,3106,50,long,299.024576054783,2355.40951773016,126.67
SW_039,ee1,6,3106,65,long,439.527540422145,2066.85104354305,126.67
SW_039,ee1,6,3106,80,long,565.557614033434,1602.96364695712,126.67
SW_039,ee1,7,3107,20,long,343.671059929045,2212.53284218985,124.65
SW_039,ee1,7,3107,35,long,322.374578481028,2322.89091755048,124.65
SW_039,ee1,7,3107,50,long,353.853542662445,2303.19902675212,124.65
SW_039,ee1,7,3107,65,long,420.31214259256,2029.28377428667,124.65
SW_039,ee1,7,3107,80,long,524.980996290809,1689.49179436022,124.65
SW_039,ee1,8,3108,20,long,326.365190648314,2380.30628638847,117.82
SW_039,ee1,8,3108,35,long,321.902692701942,2379.78119891965,117.82
SW_039,ee1,8,3108,50,long,302.533577092344,2357.81957362718,117.82
SW_039,ee1,8,3108,65,long,400.372873803157,2175.16362211544,117.82
SW_039,ee1,8,3108,80,long,540.041336459639,1676.74513313185,117.82
SW_039,ee1,10,3110,20,long,301.045341522348,2315.2029288021,131.66
SW_039,ee1,10,3110,35,long,329.107652008441,2360.14454825248,131.66
SW_039,ee1,10,3110,50,long,305.872610722859,2355.18841483796,131.66
SW_039,ee1,10,3110,65,long,430.791782609238,2118.85970129441,131.66
SW_039,ee1,10,3110,80,long,548.387291483212,1670.68054550244,131.66
SW_039,eh1,4,3114,20,short,563.677311270137,1739.37517857385,NA
SW_039,eh1,4,3114,35,short,571.735477383764,1694.4319611388,NA
SW_039,eh1,4,3114,50,short,544.557692363527,1667.10307777399,NA
SW_039,eh1,4,3114,65,short,530.543390237127,1599.69751256262,NA
SW_039,eh1,4,3114,80,short,456.952658679491,1512.04512727964,NA
SW_039,eh1,6,3116,20,short,574.080889461104,1770.23110693135,NA
SW_039,eh1,6,3116,35,short,578.261755672742,1710.43271494624,NA
SW_039,eh1,6,3116,50,short,514.346867554775,1725.11785085158,NA
SW_039,eh1,6,3116,65,short,519.209114814351,1610.72819664518,NA
SW_039,eh1,6,3116,80,short,412.766117473397,1526.38951048198,NA
SW_039,yy1,2,3182,20,long,284.331141627197,1603.97508080889,116.99
SW_039,yy1,2,3182,35,long,255.208723133671,1580.7297804379,116.99
SW_039,yy1,2,3182,50,long,226.227727670581,1629.13127653187,116.99
SW_039,yy1,2,3182,65,long,229.702684974579,1591.2015230078,116.99
SW_039,yy1,2,3182,80,long,275.859323333695,1579.67637714433,116.99
SW_039,yy1,4,3184,20,long,321.778954013465,1620.28039602196,129.05
SW_039,yy1,4,3184,35,long,274.263703149629,1594.37834286001,129.05
SW_039,yy1,4,3184,50,long,253.00160530599,1635.83561684724,129.05
SW_039,yy1,4,3184,65,long,306.433286969773,1591.69573337426,129.05
SW_039,yy1,4,3184,80,long,317.247749137456,1558.72524216887,129.05
SW_039,ae1,4,3204,20,long,709.700047483795,1534.42552840479,113.93
SW_039,ae1,4,3204,35,long,744.945076961287,1505.20829203749,113.93
SW_039,ae1,4,3204,50,long,735.079307543215,1498.39072745279,113.93
SW_039,ae1,4,3204,65,long,742.813867260681,1483.91592741326,113.93
SW_039,ae1,4,3204,80,long,672.732904986294,1449.85752152026,113.93
SW_039,ae1,10,3210,20,long,717.821341993529,1525.3811816407,97.72
SW_039,ae1,10,3210,35,long,717.154312063067,1483.33397449064,97.72
SW_039,ae1,10,3210,50,long,714.869521256988,1484.36900239199,97.72
SW_039,ae1,10,3210,65,long,685.284075834649,1446.94128265396,97.72
SW_039,ae1,10,3210,80,long,637.131647952827,1411.71193099757,97.72
SW_039,{:,2,3222,20,long,739.809162402119,1444.97465339475,128.07
SW_039,{:,2,3222,35,long,735.691112840459,1423.76634748797,128.07
SW_039,{:,2,3222,50,long,748.568195151435,1436.25819356652,128.07
SW_039,{:,2,3222,65,long,746.576177135813,1437.79787622603,128.07
SW_039,{:,2,3222,80,long,677.032469889561,1468.82351322247,128.07
SW_039,{:,3,3223,20,long,754.649868585814,1484.99895475702,114.4
SW_039,{:,3,3223,35,long,786.661515629118,1483.39684761767,114.4
SW_039,{:,3,3223,50,long,795.751756878445,1459.25452858049,114.4
SW_039,{:,3,3223,65,long,754.898410896285,1486.63468722793,114.4
SW_039,{:,3,3223,80,long,737.256199073826,1459.20441189204,114.4
SW_039,{:,4,3224,20,long,738.06499217776,1461.05185977824,132.52
SW_039,{:,4,3224,35,long,791.791975886299,1466.64795952344,132.52
SW_039,{:,4,3224,50,long,785.49803027812,1443.73474517842,132.52
SW_039,{:,4,3224,65,long,765.302357207743,1424.90062812257,132.52
SW_039,{:,4,3224,80,long,691.769204289758,1513.83218348687,132.52
SW_039,{:,7,3227,20,long,736.050923538175,1453.19730780015,127.14
SW_039,{:,7,3227,35,long,777.944357106043,1449.16471972257,127.14
SW_039,{:,7,3227,50,long,756.0138871753,1452.17150020355,127.14
SW_039,{:,7,3227,65,long,764.387150718364,1469.61244526499,127.14
SW_039,{:,7,3227,80,long,706.879012485988,1461.85036447793,127.14
SW_039,{:,8,3228,20,long,760.896975935501,1444.33699596338,112.5
SW_039,{:,8,3228,35,long,765.713287945189,1428.50360554999,112.5
SW_039,{:,8,3228,50,long,798.649542475168,1448.66215503336,112.5
SW_039,{:,8,3228,65,long,793.804047909226,1417.20550332465,112.5
SW_039,{:,8,3228,80,long,775.63194089712,1456.06342255875,112.5
SW_039,{:,10,3230,20,long,771.24655526507,1419.23701445751,124.25
SW_039,{:,10,3230,35,long,803.477586891273,1423.14879166335,124.25
SW_039,{:,10,3230,50,long,798.715412776285,1417.35466474094,124.25
SW_039,{:,10,3230,65,long,788.710122600666,1427.33216912925,124.25
SW_039,{:,10,3230,80,long,732.526354025982,1460.00080586348,124.25
SW_039,{,5,3235,20,short,775.915706341925,1502.93548387165,380.432112700926
SW_039,{,5,3235,35,short,757.130787659629,1518.98547164555,380.432112700926
SW_039,{,5,3235,50,short,747.735717997127,1551.23676831336,380.432112700926
SW_039,{,5,3235,65,short,728.266850422432,1561.22817302183,380.432112700926
SW_039,{,5,3235,80,short,703.936635693948,1566.47868269321,380.432112700926
SW_039,oa1,3,3243,20,long,417.46786228641,429.041057284493,127.98
SW_039,oa1,3,3243,35,long,359.269980097488,2026.01831913584,127.98
SW_039,oa1,3,3243,50,long,215.493269520468,455.006194100845,127.98
SW_039,oa1,3,3243,65,long,531.445281302454,770.846395966175,127.98
SW_039,oa1,3,3243,80,long,582.269239572412,1003.82379115399,127.98
SW_039,oa1,7,3247,20,long,395.802930007648,611.770773081747,123.85
SW_039,oa1,7,3247,35,long,406.925056003055,665.520329974975,123.85
SW_039,oa1,7,3247,50,long,440.722812420375,550.92981485688,123.85
SW_039,oa1,7,3247,65,long,470.744081343988,822.321572721772,123.85
SW_039,oa1,7,3247,80,long,534.799994255364,941.72834913609,123.85
SW_039,oa1,8,3248,20,long,415.62065755714,518.611652945859,125.91
SW_039,oa1,8,3248,35,long,352.695372441578,797.569945294498,125.91
SW_039,oa1,8,3248,50,long,416.008251779351,529.740850918846,125.91
SW_039,oa1,8,3248,65,long,492.787905440175,855.282115936178,125.91
SW_039,oa1,8,3248,80,long,477.724574860511,957.54109750497,125.91
SW_039,oa1,9,3249,20,long,376.521498477155,618.281651174364,107.79
SW_039,oa1,9,3249,35,long,429.614063352171,1139.62120456812,107.79
SW_039,oa1,9,3249,50,long,368.897979253703,554.417046721669,107.79
SW_039,oa1,9,3249,65,long,477.716224242664,816.944768944796,107.79
SW_039,oa1,9,3249,80,long,525.259767530044,941.584385218493,107.79
SW_039,oah1,1,3251,20,short,468.843267374878,700.098737991104,NA
SW_039,oah1,1,3251,35,short,479.112788871181,674.417217942574,NA
SW_039,oah1,1,3251,50,short,495.06670057624,657.257331264798,NA
SW_039,oah1,1,3251,65,short,473.851059347457,672.049651405858,NA
SW_039,oah1,1,3251,80,short,414.786767502702,738.587213527397,NA
SW_039,oah1,2,3252,20,short,493.921492238363,731.422430460475,477.912272299616
SW_039,oah1,2,3252,35,short,474.305170082036,714.248387436693,477.912272299616
SW_039,oah1,2,3252,50,short,485.14302590831,696.96953183865,477.912272299616
SW_039,oah1,2,3252,65,short,463.404456176428,685.938796947879,477.912272299616
SW_039,oah1,2,3252,80,short,429.852632787094,700.112233889549,477.912272299616
SW_039,oah1,3,3253,20,short,500.16111160743,706.493112140856,104.37
SW_039,oah1,3,3253,35,short,511.233864968241,707.200742247647,104.37
SW_039,oah1,3,3253,50,short,485.771791156684,736.027555263548,104.37
SW_039,oah1,3,3253,65,short,462.618607305988,727.757843919199,104.37
SW_039,oah1,3,3253,80,short,460.877873116782,702.001707697927,104.37
SW_039,oe1,1,3261,20,long,589.069532292555,1309.32073218276,123.97
SW_039,oe1,1,3261,35,long,537.79244004926,1252.49713234859,123.97
SW_039,oe1,1,3261,50,long,575.837340332541,1275.57653007875,123.97
SW_039,oe1,1,3261,65,long,614.506480560732,1303.79754683931,123.97
SW_039,oe1,1,3261,80,long,555.679952750315,1317.16769528416,123.97
SW_039,oe1,6,3266,20,long,534.623376471594,1224.84969056248,116.11
SW_039,oe1,6,3266,35,long,562.83868147396,1204.42457983173,116.11
SW_039,oe1,6,3266,50,long,564.935002810182,1202.02590647196,116.11
SW_039,oe1,6,3266,65,long,572.420176108304,1192.0078405882,116.11
SW_039,oe1,6,3266,80,long,570.531409919968,1248.32647733349,116.11
SW_039,oe1,10,3270,20,long,566.221665772262,1413.73573405433,111.16
SW_039,oe1,10,3270,35,long,642.536377306166,1411.23761303191,111.16
SW_039,oe1,10,3270,50,long,560.993073321297,1358.73913871441,111.16
SW_039,oe1,10,3270,65,long,587.439962494339,1325.21661129879,111.16
SW_039,oe1,10,3270,80,long,398.537882564952,1328.35281234981,111.16
SW_039,oeh1,10,3280,20,short,500.956303557589,1216.99350590888,484.371378863873
SW_039,oeh1,10,3280,35,short,498.690032002318,1204.10373559441,484.371378863873
SW_039,oeh1,10,3280,50,short,492.190086541096,1208.6654309174,484.371378863873
SW_039,oeh1,10,3280,65,short,474.982350127407,1213.7771689617,484.371378863873
SW_039,oeh1,10,3280,80,short,463.430138461113,1235.1340922956,484.371378863873
SW_039,9:,6,3286,20,long,551.502930691994,1150.31730569118,125.02
SW_039,9:,6,3286,35,long,577.096306471905,1150.56767554697,125.02
SW_039,9:,6,3286,50,long,536.422675273455,1187.06832604022,125.02
SW_039,9:,6,3286,65,long,603.346768664904,1201.78552060901,125.02
SW_039,9:,6,3286,80,long,486.565553848433,1231.82981652064,125.02
SW_041,aa1,1,3521,20,long,688.380977510957,1052.39109383584,124.57
SW_041,aa1,1,3521,35,long,717.745886789461,1005.86652553552,124.57
SW_041,aa1,1,3521,50,long,695.758247613809,970.998093081398,124.57
SW_041,aa1,1,3521,65,long,691.224477543492,1000.35064714865,124.57
SW_041,aa1,1,3521,80,long,670.278455381163,1036.62786598193,124.57
SW_041,aa1,3,3523,20,long,717.032046312776,1083.99560223884,123.9
SW_041,aa1,3,3523,35,long,699.885411454227,1072.63945787455,123.9
SW_041,aa1,3,3523,50,long,692.803134291711,1075.74397378942,123.9
SW_041,aa1,3,3523,65,long,684.516957730258,1093.6899393114,123.9
SW_041,aa1,3,3523,80,long,647.751974298046,1148.44802046063,123.9
SW_041,aa1,4,3524,20,long,680.362416033241,1057.5605107707,119.19
SW_041,aa1,4,3524,35,long,666.894405524909,1001.94205358411,119.19
SW_041,aa1,4,3524,50,long,688.5322546524,995.587180317601,119.19
SW_041,aa1,4,3524,65,long,686.34111299365,1006.85087720598,119.19
SW_041,aa1,4,3524,80,long,668.91647092675,1081.26437043538,119.19
SW_041,aa1,9,3529,20,long,708.125996945341,1052.37989960232,341.93693264732
SW_041,aa1,9,3529,35,long,692.060014309464,1043.51707120364,341.93693264732
SW_041,aa1,9,3529,50,long,680.788309182579,1016.71566096886,341.93693264732
SW_041,aa1,9,3529,65,long,669.8754614574,1016.44250892222,341.93693264732
SW_041,aa1,9,3529,80,long,681.301306916207,1067.64168914835,341.93693264732
SW_041,aa1,10,3530,20,long,699.000984813393,1040.87654110331,129.6
SW_041,aa1,10,3530,35,long,687.253754598236,1021.09765077673,129.6
SW_041,aa1,10,3530,50,long,669.819427103481,998.14551097447,129.6
SW_041,aa1,10,3530,65,long,673.827769329398,1011.74612754583,129.6
SW_041,aa1,10,3530,80,long,657.58288512011,1094.6233980708,129.6
SW_041,ee1,9,3549,20,long,376.004091319747,2067.74300013816,117.1
SW_041,ee1,9,3549,35,long,408.530219921146,2087.52139959145,117.1
SW_041,ee1,9,3549,50,long,419.10681754259,2093.99705965097,117.1
SW_041,ee1,9,3549,65,long,480.366748788445,2011.94870394268,117.1
SW_041,ee1,9,3549,80,long,535.77850430821,1778.14884676058,117.1
SW_041,ae1,3,3643,20,long,740.958570390673,1722.48419737528,106.25
SW_041,ae1,3,3643,35,long,763.940110117354,1694.44040504765,106.25
SW_041,ae1,3,3643,50,long,767.203173614434,1589.43305984004,106.25
SW_041,ae1,3,3643,65,long,754.571023310996,1560.36267696445,106.25
SW_041,ae1,3,3643,80,long,688.464468081009,1444.56621170683,106.25
SW_041,{:,1,3661,20,long,779.497405611757,1480.24771679685,112.76
SW_041,{:,1,3661,35,long,769.241220606361,1485.78931913888,112.76
SW_041,{:,1,3661,50,long,805.596028143636,1505.58313572839,112.76
SW_041,{:,1,3661,65,long,789.753140153192,1510.48791824905,112.76
SW_041,{:,1,3661,80,long,720.417082629537,1555.93972743364,112.76
SW_041,{:,9,3669,20,long,757.025933257322,1468.59659345014,114.84
SW_041,{:,9,3669,35,long,780.489240034248,1505.85748072839,114.84
SW_041,{:,9,3669,50,long,758.205440088691,1477.30159748571,114.84
SW_041,{:,9,3669,65,long,729.362115844698,1434.61994647548,114.84
SW_041,{:,9,3669,80,long,657.524279886504,1578.07140686012,114.84
SW_041,{:,10,3670,20,long,832.644743005272,1535.74494985724,105.67
SW_041,{:,10,3670,35,long,816.589244818927,1534.5897556757,105.67
SW_041,{:,10,3670,50,long,838.623576338108,1521.91642860307,105.67
SW_041,{:,10,3670,65,long,785.400162450832,1522.06673937345,105.67
SW_041,{:,10,3670,80,long,721.910960853344,1586.4193675512,105.67
SW_041,oe1,3,3703,20,long,629.092083407147,1301.2521789703,117.76
SW_041,oe1,3,3703,35,long,660.274144137101,1316.11408550686,117.76
SW_041,oe1,3,3703,50,long,650.463763243781,1296.45568920455,117.76
SW_041,oe1,3,3703,65,long,636.89364505455,1363.17125635259,117.76
SW_041,oe1,3,3703,80,long,597.6106478254,1367.6001210689,117.76
SW_041,oe1,8,3708,20,long,645.728572320314,1315.07089136962,333.420291501825
SW_041,oe1,8,3708,35,long,645.094458913713,1318.00425637517,333.420291501825
SW_041,oe1,8,3708,50,long,662.411044255711,1283.23932465563,333.420291501825
SW_041,oe1,8,3708,65,long,622.28251058161,1309.83578516147,333.420291501825
SW_041,oe1,8,3708,80,long,621.93318430351,1356.44721200812,333.420291501825
SW_041,9:,1,3721,20,long,642.663050885467,1275.29313450167,113.02
SW_041,9:,1,3721,35,long,624.786645759257,1239.00117978717,113.02
SW_041,9:,1,3721,50,long,671.919267460153,1259.35583922963,113.02
SW_041,9:,1,3721,65,long,647.309958673502,1286.7514038124,113.02
SW_041,9:,1,3721,80,long,643.852257129193,1405.43818384905,113.02
SW_041,9:,2,3722,20,long,652.213052253722,1293.98306897461,326.212737301655
SW_041,9:,2,3722,35,long,638.891485141763,1277.29382024852,326.212737301655
SW_041,9:,2,3722,50,long,661.611438004896,1285.91963538702,326.212737301655
SW_041,9:,2,3722,65,long,654.38153372477,1301.75721993409,326.212737301655
SW_041,9:,2,3722,80,long,660.591057816369,1300.91572616,326.212737301655
SW_041,9:,10,3730,20,long,662.52480105592,1289.72798534312,116.51
SW_041,9:,10,3730,35,long,657.168355085368,1257.43363789338,116.51
SW_041,9:,10,3730,50,long,646.483671061362,1233.36982351561,116.51
SW_041,9:,10,3730,65,long,648.875430106626,1281.74178031761,116.51
SW_041,9:,10,3730,80,long,582.671524603924,1296.37581780941,116.51
SW_042,aa1,1,1,20,long,484.390821577008,678.245975032723,129
SW_042,aa1,1,1,35,long,518.716298038601,747.159565559403,129
SW_042,aa1,1,1,50,long,522.966177771825,746.365539022584,129
SW_042,aa1,1,1,65,long,516.913307701133,767.087202465493,129
SW_042,aa1,1,1,80,long,546.157093527058,788.033048546461,129
SW_042,oo1,3,63,20,long,386.35879479307,672.619803514924,142
SW_042,oo1,3,63,35,long,334.901226839537,535.247441304385,142
SW_042,oo1,3,63,50,long,178.848426505767,1441.13528428052,142
SW_042,oo1,3,63,65,long,337.65627571024,1202.15342481398,142
SW_042,oo1,3,63,80,long,230.008600319212,1323.36077495386,142
SW_042,yy1,10,110,20,long,247.246961070025,1860.52112747811,105
SW_042,yy1,10,110,35,long,239.690321155985,1890.83561268054,105
SW_042,yy1,10,110,50,long,221.172243402783,1951.61359938296,105
SW_042,yy1,10,110,65,long,203.831570624613,1942.39478976628,105
SW_042,yy1,10,110,80,long,230.67010451948,1807.47588362236,105
SW_042,ae1,1,141,20,long,683.762993108259,1218.4243216478,122
SW_042,ae1,1,141,35,long,668.331894658464,1299.80324099981,122
SW_042,ae1,1,141,50,long,681.308852118002,1295.40489851105,122
SW_042,ae1,1,141,65,long,690.126927209161,1274.50241599978,122
SW_042,ae1,1,141,80,long,658.163736226021,1225.16071859143,122
SW_042,ae1,5,145,20,long,665.05349898719,1291.38990587452,126
SW_042,ae1,5,145,35,long,655.907804601249,1325.24916750131,126
SW_042,ae1,5,145,50,long,687.879373288594,1331.06819161974,126
SW_042,ae1,5,145,65,long,681.726247413792,1335.92489229716,126
SW_042,ae1,5,145,80,long,679.611357223734,1273.66804886918,126
SW_044,aa1,1,3741,20,long,618.362307952653,862.257326301694,135.94
SW_044,aa1,1,3741,35,long,608.711355329303,851.610589021066,135.94
SW_044,aa1,1,3741,50,long,584.429834610559,820.219445176791,135.94
SW_044,aa1,1,3741,65,long,562.379161155601,802.704805063289,135.94
SW_044,aa1,1,3741,80,long,551.392864291941,854.144913307165,135.94
SW_044,{:,3,3883,20,long,817.065760428335,1504.42242742379,140.9
SW_044,{:,3,3883,35,long,782.710122177498,1458.1989737307,140.9
SW_044,{:,3,3883,50,long,751.458273491575,1454.25232651272,140.9
SW_044,{:,3,3883,65,long,768.587301986523,1445.41274596519,140.9
SW_044,{:,3,3883,80,long,742.874400608059,1499.83301029048,140.9
SW_044,{:,5,3885,20,long,849.288140331045,1477.1301556083,144.32
SW_044,{:,5,3885,35,long,766.194157195736,1475.99481856819,144.32
SW_044,{:,5,3885,50,long,770.392367799861,1449.5200324371,144.32
SW_044,{:,5,3885,65,long,757.910693285068,1453.93085481602,144.32
SW_044,{:,5,3885,80,long,687.277825127445,1456.56178326582,144.32
SW_044,9:,4,3944,20,long,589.498412348344,1140.29996886214,146.07
SW_044,9:,4,3944,35,long,575.908531064505,1124.36935366454,146.07
SW_044,9:,4,3944,50,long,566.813711116546,1129.79597637109,146.07
SW_044,9:,4,3944,65,long,538.648595243657,1179.83975230687,146.07
SW_044,9:,4,3944,80,long,587.332420928363,1174.12199135683,146.07
SW_045,aa1,6,3966,20,long,577.575554668167,855.381116671628,NA
SW_045,aa1,6,3966,35,long,563.166526071403,827.698458125627,NA
SW_045,aa1,6,3966,50,long,554.693992199213,811.715101466892,NA
SW_045,aa1,6,3966,65,long,566.853781982152,796.685163004279,NA
SW_045,aa1,6,3966,80,long,569.019405279801,827.122844973855,NA
SW_045,aa1,8,3968,20,long,606.601350118981,873.949372167371,152.82
SW_045,aa1,8,3968,35,long,569.403816468873,812.687487330936,152.82
SW_045,aa1,8,3968,50,long,584.490900946877,833.263097756296,152.82
SW_045,aa1,8,3968,65,long,526.17610375596,798.422233220723,152.82
SW_045,aa1,8,3968,80,long,558.158078178377,837.909415521255,152.82
SW_045,ah1,2,3972,20,short,652.725842943902,1054.88631280433,114.07
SW_045,ah1,2,3972,35,short,678.681384380647,1030.5164671025,114.07
SW_045,ah1,2,3972,50,short,585.710887577844,975.841051490935,114.07
SW_045,ah1,2,3972,65,short,615.358783366904,954.065072499142,114.07
SW_045,ah1,2,3972,80,short,559.893471006481,932.562300914052,114.07
SW_045,ah1,8,3978,20,short,634.612381062371,1021.76497414232,NA
SW_045,ah1,8,3978,35,short,648.41582451246,992.606668326168,NA
SW_045,ah1,8,3978,50,short,658.607525254588,987.175215239226,NA
SW_045,ah1,8,3978,65,short,661.099255934652,998.831666020328,NA
SW_045,ah1,8,3978,80,short,640.943258084435,1031.29323961038,NA
SW_045,ah1,9,3979,20,short,717.633668172914,1076.18157329341,NA
SW_045,ah1,9,3979,35,short,773.127036682565,1025.78518700308,NA
SW_045,ah1,9,3979,50,short,763.661727467594,1035.77884301433,NA
SW_045,ah1,9,3979,65,short,710.169310824414,1026.82459539368,NA
SW_045,ah1,9,3979,80,short,666.73359414071,1006.16818691417,NA
SW_045,ah1,10,3980,20,short,680.725252563201,1076.43033400957,78.33
SW_045,ah1,10,3980,35,short,645.879748276418,1044.16023717408,78.33
SW_045,ah1,10,3980,50,short,633.284370745692,1016.95186998322,78.33
SW_045,ah1,10,3980,65,short,662.793244691648,1032.40798765186,78.33
SW_045,ah1,10,3980,80,short,551.182407081992,1007.60228088825,78.33
SW_045,ee1,6,3986,20,long,291.647472829069,2370.35716468097,142.5
SW_045,ee1,6,3986,35,long,321.300794856591,2385.07567386688,142.5
SW_045,ee1,6,3986,50,long,409.607740618007,2082.34683385763,142.5
SW_045,ee1,6,3986,65,long,511.385103807504,1732.99294574297,142.5
SW_045,ee1,6,3986,80,long,522.988697522933,1357.04796928078,142.5
SW_045,eh1,1,3991,20,short,479.826466358985,1912.48744205424,169.92
SW_045,eh1,1,3991,35,short,511.085465866065,1915.98592050967,169.92
SW_045,eh1,1,3991,50,short,506.885467348667,1768.81704121085,169.92
SW_045,eh1,1,3991,65,short,441.131594079621,1697.10715750136,169.92
SW_045,eh1,1,3991,80,short,432.741430030805,1648.27720329079,169.92
SW_045,eh1,8,3998,20,short,486.184888824682,1991.79782845433,199.06
SW_045,eh1,8,3998,35,short,490.957602878473,1955.27414679957,199.06
SW_045,eh1,8,3998,50,short,514.226823518671,1888.09324141374,199.06
SW_045,eh1,8,3998,65,short,517.359180334206,1793.59853907886,199.06
SW_045,eh1,8,3998,80,short,459.01892882881,1703.55514928699,199.06
SW_045,oo1,8,4028,20,long,309.587679464266,709.961973789658,155.16
SW_045,oo1,8,4028,35,long,262.929055539427,693.990295249033,155.16
SW_045,oo1,8,4028,50,long,235.367344764431,1298.64485028595,155.16
SW_045,oo1,8,4028,65,long,204.093746052861,727.142071958091,155.16
SW_045,oo1,8,4028,80,long,273.125915747883,888.885864566477,155.16
SW_045,uu1,1,4041,20,long,287.624243908085,1631.08873648999,137.74
SW_045,uu1,1,4041,35,long,344.443386382204,1525.94239157713,137.74
SW_045,uu1,1,4041,50,long,280.080802112823,1459.32421457544,137.74
SW_045,uu1,1,4041,65,long,271.296611716963,1497.29081884905,137.74
SW_045,uu1,1,4041,80,long,215.711026441449,1492.20325134673,137.74
SW_045,uu1,6,4046,20,long,267.547552991764,1653.97966641969,140.84
SW_045,uu1,6,4046,35,long,230.685547789318,1598.2783207582,140.84
SW_045,uu1,6,4046,50,long,185.158339052236,1665.11032904114,140.84
SW_045,uu1,6,4046,65,long,183.202573798368,1501.85172800756,140.84
SW_045,uu1,6,4046,80,long,280.518536532293,1527.38846503612,140.84
SW_045,ae1,1,4081,20,long,720.759771013437,1421.30904353579,161.7
SW_045,ae1,1,4081,35,long,723.153541910358,1487.74708357469,161.7
SW_045,ae1,1,4081,50,long,688.17337173268,1470.05850244037,161.7
SW_045,ae1,1,4081,65,long,671.186369856376,1349.84260046781,161.7
SW_045,ae1,1,4081,80,long,619.851930025399,1318.65042617223,161.7
SW_045,ae1,2,4082,20,long,690.300999869008,1502.20319142809,166.83
SW_045,ae1,2,4082,35,long,675.247093086535,1500.12366210269,166.83
SW_045,ae1,2,4082,50,long,681.206939999755,1500.08558538632,166.83
SW_045,ae1,2,4082,65,long,703.93614350222,1446.54694066292,166.83
SW_045,ae1,2,4082,80,long,684.91914724107,1352.006519224,166.83
SW_045,ae1,3,4083,20,long,741.811649391538,1428.38948358373,138.96
SW_045,ae1,3,4083,35,long,818.337655794019,1505.56989762906,138.96
SW_045,ae1,3,4083,50,long,745.396428794255,1520.52662448327,138.96
SW_045,ae1,3,4083,65,long,719.70869501407,1392.53720536962,138.96
SW_045,ae1,3,4083,80,long,649.923436331671,1275.22798568755,138.96
SW_045,ae1,4,4084,20,long,752.257157171747,1460.21828126045,136.09
SW_045,ae1,4,4084,35,long,744.916047372404,1498.28343501279,136.09
SW_045,ae1,4,4084,50,long,724.539019672285,1484.12438010669,136.09
SW_045,ae1,4,4084,65,long,675.377573087039,1404.47287006459,136.09
SW_045,ae1,4,4084,80,long,624.57744915575,1276.83754141488,136.09
SW_045,ae1,5,4085,20,long,723.544612374287,1405.4928975234,85.73
SW_045,ae1,5,4085,35,long,735.549143659112,1485.38587943363,85.73
SW_045,ae1,5,4085,50,long,718.768530316844,1464.10086964039,85.73
SW_045,ae1,5,4085,65,long,728.673621323448,1421.69952663073,85.73
SW_045,ae1,5,4085,80,long,680.118591472366,1323.04443907914,85.73
SW_045,ae1,7,4087,20,long,809.781704969801,1466.12022181079,132.16
SW_045,ae1,7,4087,35,long,812.509496559974,1486.21237680232,132.16
SW_045,ae1,7,4087,50,long,789.089636425144,1481.52955759723,132.16
SW_045,ae1,7,4087,65,long,765.078943766862,1482.36728329344,132.16
SW_045,ae1,7,4087,80,long,662.484528862973,1399.43849231923,132.16
SW_045,ae1,8,4088,20,long,691.916124304018,1457.84664110819,113.9
SW_045,ae1,8,4088,35,long,773.788938632455,1497.35707347834,113.9
SW_045,ae1,8,4088,50,long,770.090194742148,1493.05632519535,113.9
SW_045,ae1,8,4088,65,long,750.934929279389,1402.91749442258,113.9
SW_045,ae1,8,4088,80,long,665.26255877996,1306.53169993265,113.9
SW_045,ae1,10,4090,20,long,793.11802852191,1492.75524969698,130.73
SW_045,ae1,10,4090,35,long,788.551843011417,1509.63035288119,130.73
SW_045,ae1,10,4090,50,long,773.184443305483,1484.07974672328,130.73
SW_045,ae1,10,4090,65,long,776.839523618025,1419.09302764697,130.73
SW_045,ae1,10,4090,80,long,694.997026890299,1293.37462061605,130.73
SW_045,{:,1,4101,20,long,601.515578641766,1227.01260063826,146.4
SW_045,{:,1,4101,35,long,742.002374847104,1255.95960520183,146.4
SW_045,{:,1,4101,50,long,729.548788407293,1362.02579044345,146.4
SW_045,{:,1,4101,65,long,685.879205459205,1406.89864713797,146.4
SW_045,{:,1,4101,80,long,658.284282646917,1412.41955733248,146.4
SW_045,{:,2,4102,20,long,693.722917825052,1271.98359791431,150.35
SW_045,{:,2,4102,35,long,740.022965185535,1298.71657348844,150.35
SW_045,{:,2,4102,50,long,735.663678425346,1350.37389504719,150.35
SW_045,{:,2,4102,65,long,701.818746175338,1352.94222467221,150.35
SW_045,{:,2,4102,80,long,634.961118008175,1376.45576433417,150.35
SW_045,{:,3,4103,20,long,703.527075703345,1379.55141983256,89.73
SW_045,{:,3,4103,35,long,642.822417984326,1262.52571759616,89.73
SW_045,{:,3,4103,50,long,716.771756149655,1324.929104667,89.73
SW_045,{:,3,4103,65,long,647.156635907932,1274.94472966455,89.73
SW_045,{:,3,4103,80,long,607.721478995072,1307.55345698137,89.73
SW_045,{:,6,4106,20,long,716.955440237968,1291.87690498891,163.68
SW_045,{:,6,4106,35,long,728.260913808377,1312.17392721779,163.68
SW_045,{:,6,4106,50,long,694.716426294626,1281.77905768152,163.68
SW_045,{:,6,4106,65,long,700.753446756848,1304.11538145972,163.68
SW_045,{:,6,4106,80,long,646.827442029268,1374.18540598133,163.68
SW_045,{:,7,4107,20,long,776.865435556448,1290.14786735219,83.67
SW_045,{:,7,4107,35,long,707.174917674213,1307.31345868117,83.67
SW_045,{:,7,4107,50,long,690.527890919238,1305.84558070354,83.67
SW_045,{:,7,4107,65,long,629.285963546565,1336.72982279044,83.67
SW_045,{:,7,4107,80,long,569.71011842797,1370.79067757819,83.67
SW_045,{:,8,4108,20,long,798.834900873343,1359.61110210355,80.39
SW_045,{:,8,4108,35,long,810.857287969872,1362.40619003404,80.39
SW_045,{:,8,4108,50,long,747.403855901654,1327.26455713303,80.39
SW_045,{:,8,4108,65,long,680.841391398037,1345.21292954047,80.39
SW_045,{:,8,4108,80,long,691.090704555449,1376.95470810269,80.39
SW_045,{:,9,4109,20,long,763.539374111464,1347.36604892473,140.73
SW_045,{:,9,4109,35,long,707.82829820378,1349.91265783337,140.73
SW_045,{:,9,4109,50,long,715.937569545393,1374.37058841376,140.73
SW_045,{:,9,4109,65,long,704.888150819781,1345.44339184929,140.73
SW_045,{:,9,4109,80,long,711.012090428317,1387.2566616951,140.73
SW_045,{,7,4117,20,short,671.892349277991,1439.44605290589,163.01
SW_045,{,7,4117,35,short,673.436816523006,1482.56050272156,163.01
SW_045,{,7,4117,50,short,642.77237405504,1498.37836200112,163.01
SW_045,{,7,4117,65,short,615.471299035419,1471.43216047054,163.01
SW_045,{,7,4117,80,short,569.807797584076,1454.28103404613,163.01
SW_045,{,10,4120,20,short,768.380925122796,1371.18114989,160.36
SW_045,{,10,4120,35,short,744.099145407409,1392.54215272053,160.36
SW_045,{,10,4120,50,short,661.157248637599,1456.49563454566,160.36
SW_045,{,10,4120,65,short,661.607108285234,1467.11943866522,160.36
SW_045,{,10,4120,80,short,635.050096255388,1516.14994688161,160.36
SW_045,oa1,2,4122,20,long,300.046659168501,592.001085173617,156.27
SW_045,oa1,2,4122,35,long,334.144870550342,527.108525954134,156.27
SW_045,oa1,2,4122,50,long,419.878831314052,557.761799588726,156.27
SW_045,oa1,2,4122,65,long,536.574316930718,840.369594653561,156.27
SW_045,oa1,2,4122,80,long,527.901381264997,945.489537723439,156.27
SW_045,oa1,6,4126,20,long,321.050305116517,571.909343727349,164.66
SW_045,oa1,6,4126,35,long,280.887147750552,368.789589566272,164.66
SW_045,oa1,6,4126,50,long,396.82730066819,544.027221382052,164.66
SW_045,oa1,6,4126,65,long,551.443928782226,746.474695562795,164.66
SW_045,oa1,6,4126,80,long,570.007517290016,952.484972965662,164.66
SW_045,oa1,8,4128,20,long,313.798449194854,516.656125235133,148.7
SW_045,oa1,8,4128,35,long,395.721585473459,479.566869327637,148.7
SW_045,oa1,8,4128,50,long,343.026749448889,577.012068073951,148.7
SW_045,oa1,8,4128,65,long,521.807632833721,861.083320478144,148.7
SW_045,oa1,8,4128,80,long,609.49908943193,1000.26383397433,148.7
SW_045,oa1,9,4129,20,long,388.100088530594,452.494814970235,131.27
SW_045,oa1,9,4129,35,long,347.150651285866,724.886236088578,131.27
SW_045,oa1,9,4129,50,long,412.000913817185,581.654252870105,131.27
SW_045,oa1,9,4129,65,long,541.158779509894,798.418568571858,131.27
SW_045,oa1,9,4129,80,long,629.101903926333,969.087101486037,131.27
SW_045,oah1,4,4134,20,short,494.354144075138,813.312336891994,80.77
SW_045,oah1,4,4134,35,short,518.595568502319,788.691166453305,80.77
SW_045,oah1,4,4134,50,short,491.810412009631,788.849898373476,80.77
SW_045,oah1,4,4134,65,short,481.594407057188,807.209320624526,80.77
SW_045,oah1,4,4134,80,short,449.690149196772,872.355955625158,80.77
SW_045,oah1,6,4136,20,short,510.556964368843,737.312148828276,156.42
SW_045,oah1,6,4136,35,short,522.247424669854,740.140214057291,156.42
SW_045,oah1,6,4136,50,short,523.040455794814,1140.25791153856,156.42
SW_045,oah1,6,4136,65,short,474.721213980238,784.609467473533,156.42
SW_045,oah1,6,4136,80,short,463.646001581764,707.789192661025,156.42
SW_045,oah1,9,4139,20,short,511.758815932177,711.050198215513,173.25
SW_045,oah1,9,4139,35,short,521.445481350053,660.891531614214,173.25
SW_045,oah1,9,4139,50,short,495.224368547239,669.57715713063,173.25
SW_045,oah1,9,4139,65,short,457.35010864637,712.294116004613,173.25
SW_045,oah1,9,4139,80,short,427.464427279533,818.341286843454,173.25
SW_045,oe1,3,4143,20,long,525.8072135775,1183.72835982229,169.03
SW_045,oe1,3,4143,35,long,537.235920692461,1194.8703339278,169.03
SW_045,oe1,3,4143,50,long,540.264566390326,1192.37346684225,169.03
SW_045,oe1,3,4143,65,long,559.381474590288,1202.3298726983,169.03
SW_045,oe1,3,4143,80,long,499.427729878523,1191.21848028794,169.03
SW_045,oe1,5,4145,20,long,495.34760045199,1269.47195216207,137.42
SW_045,oe1,5,4145,35,long,552.159420318715,1253.832897939,137.42
SW_045,oe1,5,4145,50,long,581.168671970588,1268.5711859326,137.42
SW_045,oe1,5,4145,65,long,560.499784259447,1236.42654000091,137.42
SW_045,oe1,5,4145,80,long,533.765954436449,1204.33821199007,137.42
SW_045,oe1,7,4147,20,long,538.883148348992,1262.87729846741,145.4
SW_045,oe1,7,4147,35,long,541.022837939762,1267.43227742617,145.4
SW_045,oe1,7,4147,50,long,563.35747785668,1229.09095969828,145.4
SW_045,oe1,7,4147,65,long,552.997674751457,1163.52511448213,145.4
SW_045,oe1,7,4147,80,long,558.809234862587,1116.95579271734,145.4
SW_045,oe1,8,4148,20,long,511.86498450858,1183.38478718408,173.29
SW_045,oe1,8,4148,35,long,557.960446141411,1221.09390465447,173.29
SW_045,oe1,8,4148,50,long,572.614496900462,1216.20340696136,173.29
SW_045,oe1,8,4148,65,long,578.987817080968,1135.57098067355,173.29
SW_045,oe1,8,4148,80,long,567.956762634717,1186.28527994978,173.29
SW_045,oeh1,7,4157,20,short,471.776158035825,1506.02505799568,134.29
SW_045,oeh1,7,4157,35,short,454.83510741195,1516.30639253647,134.29
SW_045,oeh1,7,4157,50,short,464.489716355157,1482.87322596186,134.29
SW_045,oeh1,7,4157,65,short,464.248707877889,1462.56554920044,134.29
SW_045,oeh1,7,4157,80,short,421.902390296653,1445.15070725478,134.29
SW_045,oeh1,9,4159,20,short,455.664692370473,1503.13186738993,153.89
SW_045,oeh1,9,4159,35,short,481.110596427478,1444.48441005925,153.89
SW_045,oeh1,9,4159,50,short,484.752727888302,1394.55603880753,153.89
SW_045,oeh1,9,4159,65,short,434.45386426645,1529.25206587998,153.89
SW_045,oeh1,9,4159,80,short,415.987430752553,1523.37239317786,153.89
SW_045,9:,1,4161,20,long,576.179879045453,1073.22354390695,136.69
SW_045,9:,1,4161,35,long,565.851455568246,1079.27763890108,136.69
SW_045,9:,1,4161,50,long,573.259895621053,1078.65532327623,136.69
SW_045,9:,1,4161,65,long,534.573510264664,1097.85565143257,136.69
SW_045,9:,1,4161,80,long,520.639285130529,1260.05607655019,136.69
SW_045,9:,5,4165,20,long,547.305150367815,1030.38740329244,151.04
SW_045,9:,5,4165,35,long,522.619243880666,961.733447644049,151.04
SW_045,9:,5,4165,50,long,533.844739653281,1016.96415776827,151.04
SW_045,9:,5,4165,65,long,571.80850666598,1074.51783993298,151.04
SW_045,9:,5,4165,80,long,571.937530850464,1188.01662226281,151.04
SW_045,9:,8,4168,20,long,579.467340552212,1064.6695921483,178.1
SW_045,9:,8,4168,35,long,538.265577366489,1033.18078929281,178.1
SW_045,9:,8,4168,50,long,526.524805113329,1034.81615305515,178.1
SW_045,9:,8,4168,65,long,539.251576963345,1104.30471322755,178.1
SW_045,9:,8,4168,80,long,519.818312369163,1275.69745206724,178.1