Talker,Vowel,Token,Trial,Location,Quantity,F1,F2,F0.mean
SW_003,{:,7,479,20,long,996.684637460806,1753.36206664103,160.05
SW_003,{:,7,479,35,long,1026.15300504014,1743.1093825166,160.05
SW_003,{:,7,479,50,long,1028.07243863133,1744.51817233478,160.05
SW_003,{:,7,479,65,long,976.716058048306,1754.87288902238,160.05
SW_003,{:,7,479,80,long,882.02943219603,1790.05557253663,160.05
SW_005,{:,3,801,20,long,954.469879472014,1865.06419717877,168.16
SW_005,{:,3,801,35,long,935.815995295707,1795.2929878364,168.16
SW_005,{:,3,801,50,long,931.839527601542,1822.37906022211,168.16
SW_005,{:,3,801,65,long,907.199471211664,1790.05041946286,168.16
SW_005,{:,3,801,80,long,802.500857541803,1881.45413944142,168.16
SW_005,{:,6,804,20,long,984.230192744713,1822.07950808363,137.90
SW_005,{:,6,804,35,long,1064.28256006576,1810.65551911366,137.90
SW_005,{:,6,804,50,long,1017.54276527118,1807.34279083818,137.90
SW_005,{:,6,804,65,long,998.371718972384,1839.80152669825,137.90
SW_005,{:,6,804,80,long,849.724500985364,1817.03772498029,137.90
SW_007,ee1,1,1118,20,long,345.624040011532,2557.20378125595,145.22
SW_007,ee1,1,1118,35,long,323.23482282015,2606.99134525473,145.22
SW_007,ee1,1,1118,50,long,357.001799889058,2601.30554144243,145.22
SW_007,ee1,1,1118,65,long,370.118856706789,2466.81885610752,145.22
SW_007,ee1,1,1118,80,long,487.511329972224,2143.40862381705,145.22
SW_007,oe1,3,1280,20,long,527.195947103387,1693.13894642858,202.47
SW_007,oe1,3,1280,35,long,515.808806464489,1680.92761635274,202.47
SW_007,oe1,3,1280,50,long,444.345231723943,1633.3898800861,202.47
SW_007,oe1,3,1280,65,long,496.508161722047,1505.35287250408,202.47
SW_007,oe1,3,1280,80,long,697.754568521223,1560.8907978118,202.47
SW_008,aa1,5,1322,20,long,596.967757801285,1069.04436001556,97.96
SW_008,aa1,5,1322,35,long,611.461882855924,1018.93201537832,97.96
SW_008,aa1,5,1322,50,long,587.412469035135,978.483345396211,97.96
SW_008,aa1,5,1322,65,long,570.355994354607,993.139569256432,97.96
SW_008,aa1,5,1322,80,long,560.944715086945,984.511455614613,97.96
SW_008,{:,4,1391,20,long,783.163318965028,1609.53884124305,162.11
SW_008,{:,4,1391,35,long,989.298524871192,1674.58560453745,162.11
SW_008,{:,4,1391,50,long,885.772834698115,1613.9218089032,162.11
SW_008,{:,4,1391,65,long,861.574723895455,1705.60850460624,162.11
SW_008,{:,4,1391,80,long,852.614191319887,1637.12302667857,162.11
SW_009,ae1,2,1489,20,long,1094.4864208662,1714.38630685844,167.63
SW_009,ae1,2,1489,35,long,1064.92725364724,1684.85275827341,167.63
SW_009,ae1,2,1489,50,long,956.107191055815,1741.72393501076,167.63
SW_009,ae1,2,1489,65,long,940.552722380134,1694.73275661898,167.63
SW_009,ae1,2,1489,80,long,757.890851036858,1688.47314756491,167.63
SW_009,{,4,1506,20,short,1039.99032980343,1696.92712954081,237.56
SW_009,{,4,1506,35,short,969.760834025748,1702.69804474342,237.56
SW_009,{,4,1506,50,short,900.14721937375,1695.10837515821,237.56
SW_009,{,4,1506,65,short,851.844516935081,1759.94296405407,237.56
SW_009,{,4,1506,80,short,800.12174013468,1758.49499162557,237.56
SW_010,aa1,3,1540,20,long,576.299478857966,836.891933902289,177.06
SW_010,aa1,3,1540,35,long,570.312930954392,907.404508060039,177.06
SW_010,aa1,3,1540,50,long,587.230419815287,899.355223744455,177.06
SW_010,aa1,3,1540,65,long,559.637726716454,934.304690288769,177.06
SW_010,aa1,3,1540,80,long,554.575339674134,992.136773566627,177.06
SW_011,eh1,4,1680,20,short,617.10497838354,2005.19822999028,193.55
SW_011,eh1,4,1680,35,short,661.255520123562,2083.51582624125,193.55
SW_011,eh1,4,1680,50,short,729.77775901221,2030.51686704852,193.55
SW_011,eh1,4,1680,65,short,731.73019187016,1908.03695266933,193.55
SW_011,eh1,4,1680,80,short,655.480909157154,1767.28033330794,193.55
SW_011,ii1,7,1693,20,long,408.820587997422,2172.98851773031,161.84
SW_011,ii1,7,1693,35,long,393.963542438322,2004.79303087933,161.84
SW_011,ii1,7,1693,50,long,345.247343882004,2386.71068863973,161.84
SW_011,ii1,7,1693,65,long,364.136808253758,2418.24426055811,161.84
SW_011,ii1,7,1693,80,long,320.014927418768,2402.09467510204,161.84
SW_011,ae1,6,1772,20,long,763.982263367947,2059.80864733608,140.95
SW_011,ae1,6,1772,35,long,809.609562701598,2010.13788624604,140.95
SW_011,ae1,6,1772,50,long,852.600600907037,1953.74531113684,140.95
SW_011,ae1,6,1772,65,long,816.017161719976,1868.05589729796,140.95
SW_011,ae1,6,1772,80,long,730.993829956322,1757.14565172984,140.95
SW_011,ae1,10,1776,20,long,712.2276841138,1961.33019758009,200.84
SW_011,ae1,10,1776,35,long,732.387618531073,1951.96116478416,200.84
SW_011,ae1,10,1776,50,long,741.660319744227,1903.23362384446,200.84
SW_011,ae1,10,1776,65,long,797.984425903156,1809.8535291668,200.84
SW_011,ae1,10,1776,80,long,771.048039079607,1787.22404195138,200.84
SW_011,{:,3,1789,20,long,897.525078162583,1590.22828469077,159.77
SW_011,{:,3,1789,35,long,895.302782665103,1580.30640345284,159.77
SW_011,{:,3,1789,50,long,793.8547,1628.764489,159.77
SW_011,{:,3,1789,65,long,777.243471887666,1723.25319060579,159.77
SW_011,{:,3,1789,80,long,702.733157290342,1845.35214950442,159.77
SW_011,{:,6,1792,20,long,969.307543949031,1720.29282867458,152.80
SW_011,{:,6,1792,35,long,926.609977233686,1715.41657462557,152.80
SW_011,{:,6,1792,50,long,875.549823144002,1745.04243264274,152.80
SW_011,{:,6,1792,65,long,859.813856359535,1789.09100851615,152.80
SW_011,{:,6,1792,80,long,821.928328085956,1943.79591481693,152.80
SW_011,{,3,1799,20,short,939.338606137216,1621.95595253117,209.39
SW_011,{,3,1799,35,short,917.983128972147,1700.28363417353,209.39
SW_011,{,3,1799,50,short,842.009212631273,1736.93565035556,209.39
SW_011,{,3,1799,65,short,791.849984225333,1801.34286440273,209.39
SW_011,{,3,1799,80,short,714.383080243519,1856.22777511699,209.39
SW_011,oa1,5,1811,20,long,497.886427993046,655.526204066451,297.29
SW_011,oa1,5,1811,35,long,424.653832488703,659.937319096467,297.29
SW_011,oa1,5,1811,50,long,409.209106364023,629.117781630866,297.29
SW_011,oa1,5,1811,65,long,478.904759904268,873.430283385478,297.29
SW_011,oa1,5,1811,80,long,584.612955468283,1249.86742269228,297.29
SW_011,oa1,8,1814,20,long,458.669491915934,720.130981686686,186.25
SW_011,oa1,8,1814,35,long,406.069338047375,737.592426202632,186.25
SW_011,oa1,8,1814,50,long,379.78223193976,687.061421836255,186.25
SW_011,oa1,8,1814,65,long,455.417588574628,837.356265678945,186.25
SW_011,oa1,8,1814,80,long,542.641988802895,1102.86285885002,186.25
SW_011,oa1,9,1815,20,long,448.265775224999,708.458433829379,186.84
SW_011,oa1,9,1815,35,long,409.300047143394,669.89452323544,186.84
SW_011,oa1,9,1815,50,long,408.677040488126,682.271036027158,186.84
SW_011,oa1,9,1815,65,long,475.758157707755,916.135112604458,186.84
SW_011,oa1,9,1815,80,long,569.926581704357,1188.09917674837,186.84
SW_011,oe1,7,1833,20,long,591.214855312631,1633.06166312304,140.84
SW_011,oe1,7,1833,35,long,569.00439997268,1544.6680164966,140.84
SW_011,oe1,7,1833,50,long,656.661635035682,1493.74904959581,140.84
SW_011,oe1,7,1833,65,long,646.592171066117,1438.3948772663,140.84
SW_011,oe1,7,1833,80,long,567.694965077755,1439.79196703794,140.84
SW_011,oe1,8,1834,20,long,705.076933677518,1754.39505943294,151.47
SW_011,oe1,8,1834,35,long,712.28835535766,1690.66398882203,151.47
SW_011,oe1,8,1834,50,long,683.889202001163,1595.09848600156,151.47
SW_011,oe1,8,1834,65,long,583.43999437201,1487.61539711689,151.47
SW_011,oe1,8,1834,80,long,580.203638693068,1493.49787743318,151.47
SW_013,{:,7,2231,20,long,1030.66169486545,1592.60604484171,245.16
SW_013,{:,7,2231,35,long,1039.11157,1621.74644,245.16
SW_013,{:,7,2231,50,long,1036.19895691096,1688.60983998355,245.16
SW_013,{:,7,2231,65,long,943.83353370938,1716.9730766456,245.16
SW_013,{:,7,2231,80,long,760.38736089651,1672.04334697113,245.16
SW_014,aa1,9,2313,20,long,641.896540175845,1026.35984234366,174.48
SW_014,aa1,9,2313,35,long,662.000676204597,1046.82111881558,174.48
SW_014,aa1,9,2313,50,long,645.437299207439,1002.35632351534,174.48
SW_014,aa1,9,2313,65,long,614.983191120108,950.589975041212,174.48
SW_014,aa1,9,2313,80,long,616.721093730481,956.570285112222,174.48
SW_014,ae1,3,2431,20,long,633.029476546124,2093.87035510083,177.83
SW_014,ae1,3,2431,35,long,645.595031754447,2160.5665366587,177.83
SW_014,ae1,3,2431,50,long,623.665843946729,1925.42451368772,177.83
SW_014,ae1,3,2431,65,long,539.07893,1814.3255409,177.83
SW_014,ae1,3,2431,80,long,480.349507709676,1595.41747723485,177.83
SW_014,{:,3,2451,20,long,803.699018024454,1570.05038950027,165.77
SW_014,{:,3,2451,35,long,867.861396692845,1610.05273100243,165.77
SW_014,{:,3,2451,50,long,776.024022654445,1576.73034470955,165.77
SW_014,{:,3,2451,65,long,636.396367621731,1552.82425543547,165.77
SW_014,{:,3,2451,80,long,718.93324508857,1664.67885678072,165.77
SW_014,{:,4,2452,20,long,749.106748344793,1612.75828714265,170.61
SW_014,{:,4,2452,35,long,759.910659963669,1588.5308176497,170.61
SW_014,{:,4,2452,50,long,807.959178418094,1584.70823755056,170.61
SW_014,{:,4,2452,65,long,786.444118928323,1654.70601568327,170.61
SW_014,{:,4,2452,80,long,672.102342294655,1677.79255812859,170.61
SW_014,9:,6,2514,20,long,637.651401832899,1301.5410802346,167.01
SW_014,9:,6,2514,35,long,657.59047969115,1270.36994709353,167.01
SW_014,9:,6,2514,50,long,633.491228837435,1256.38039434504,167.01
SW_014,9:,6,2514,65,long,615.777917665366,1339.14283807629,167.01
SW_014,9:,6,2514,80,long,543.29361900164,1397.01182787794,167.01
SW_017,{:,10,3116,20,long,861.811463723702,1549.2303658782,130.72
SW_017,{:,10,3116,35,long,889.01280138088,1609.5813323927,130.72
SW_017,{:,10,3116,50,long,881.076786902383,1609.91308310896,130.72
SW_017,{:,10,3116,65,long,856.395021362461,1605.31025692826,130.72
SW_017,{:,10,3116,80,long,779.909191793349,1561.43079125489,130.72
SW_018,ee1,5,3211,20,long,362.408749312295,2921.97562343798,175.83
SW_018,ee1,5,3211,35,long,363.601052406412,2880.27407795607,175.83
SW_018,ee1,5,3211,50,long,378.49669782238,2834.46034182664,175.83
SW_018,ee1,5,3211,65,long,451.922970628081,2501.94888363928,175.83
SW_018,ee1,5,3211,80,long,517.352162434283,1684.60002790024,175.83
SW_018,ae1,7,3313,20,long,926.806992279766,1624.76446554883,193.20
SW_018,ae1,7,3313,35,long,939.821915378653,1689.00085308854,193.20
SW_018,ae1,7,3313,50,long,894.707489507329,1618.37762729156,193.20
SW_018,ae1,7,3313,65,long,968.874453091149,1597.0275910428,193.20
SW_018,ae1,7,3313,80,long,789.563778775761,1580.79359827721,193.20
SW_018,ae1,9,3315,20,long,879.659557762029,1648.96452319881,183.14
SW_018,ae1,9,3315,35,long,851.443826805972,1637.06832753402,183.14
SW_018,ae1,9,3315,50,long,866.207541323002,1607.35628868796,183.14
SW_018,ae1,9,3315,65,long,767.181608453589,1610.19471578356,183.14
SW_018,ae1,9,3315,80,long,749.284987031556,1604.62408722424,183.14
SW_018,{:,2,3328,20,long,910.466046750493,1664.69834373146,177.69
SW_018,{:,2,3328,35,long,930.291573162994,1715.86097687054,177.69
SW_018,{:,2,3328,50,long,842.699736449268,1675.22283959157,177.69
SW_018,{:,2,3328,65,long,823.206820313695,1607.66268187509,177.69
SW_018,{:,2,3328,80,long,742.350269716425,1499.66623506409,177.69
SW_018,{:,7,3333,20,long,921.220065190529,1526.18528956021,178.97
SW_018,{:,7,3333,35,long,890.418746462857,1615.10488234251,178.97
SW_018,{:,7,3333,50,long,918.632915078004,1579.39622175072,178.97
SW_018,{:,7,3333,65,long,897.765428852438,1583.88709175914,178.97
SW_018,{:,7,3333,80,long,841.562890734225,1595.72607756427,178.97
SW_018,{:,9,3335,20,long,963.305506625624,1597.19979110176,185.42
SW_018,{:,9,3335,35,long,946.995310035967,1560.49344962517,185.42
SW_018,{:,9,3335,50,long,880.167896333122,1614.10254405925,185.42
SW_018,{:,9,3335,65,long,919.783134567787,1685.04256430553,185.42
SW_018,{:,9,3335,80,long,818.809567423682,1678.41934488822,185.42
SW_018,{,10,3346,20,short,779.087468771673,1921.47731242987,165.90
SW_018,{,10,3346,35,short,797.880964385568,1925.26648446223,165.90
SW_018,{,10,3346,50,short,781.193382383353,1916.6532479527,165.90
SW_018,{,10,3346,65,short,724.923060585075,1945.49225449871,165.90
SW_018,{,10,3346,80,short,704.345172140741,1890.37097767636,165.90
SW_018,oe1,8,3374,20,long,672.128225875755,1353.67372443728,79.36
SW_018,oe1,8,3374,35,long,642.588584645171,1372.52916222517,79.36
SW_018,oe1,8,3374,50,long,630.861758639525,1360.82910979082,79.36
SW_018,oe1,8,3374,65,long,645.621778549778,1431.7609738605,79.36
SW_018,oe1,8,3374,80,long,707.056713259653,1467.24658562669,79.36
SW_018,9:,9,3395,20,long,668.213983290513,1240.64336610436,130.42
SW_018,9:,9,3395,35,long,653.209767,1218.0647,130.42
SW_018,9:,9,3395,50,long,662.37396,1248.3643,130.42
SW_018,9:,9,3395,65,long,609.622457343004,1313.67141325879,130.42
SW_018,9:,9,3395,80,long,627.226781368043,1390.15270205607,130.42
SW_019,{:,1,3547,20,long,919.930285492538,1653.7514570509,179.50
SW_019,{:,1,3547,35,long,926.887509537249,1609.68881362062,179.50
SW_019,{:,1,3547,50,long,916.253189427559,1643.81243535824,179.50
SW_019,{:,1,3547,65,long,852.453254767078,1622.04489143838,179.50
SW_019,{:,1,3547,80,long,774.85183354473,1871.07079492184,179.50
SW_020,{:,3,3770,20,long,960.244420613884,1647.15448221293,205.48
SW_020,{:,3,3770,35,long,957.756639214519,1665.93415896792,205.48
SW_020,{:,3,3770,50,long,925.842166026077,1685.07561243521,205.48
SW_020,{:,3,3770,65,long,884.806952512495,1750.18739448961,205.48
SW_020,{:,3,3770,80,long,754.089059282191,1897.70650850243,205.48
SW_021,aa1,3,3850,20,long,651.72430629295,926.690520099644,223.46
SW_021,aa1,3,3850,35,long,668.669421496218,967.1059291545,223.46
SW_021,aa1,3,3850,50,long,679.790917293206,986.560678255054,223.46
SW_021,aa1,3,3850,65,long,587.753257836175,938.098151673054,223.46
SW_021,aa1,3,3850,80,long,622.464784469275,919.294021622689,223.46
SW_021,aa1,10,3857,20,long,712.333096175193,976.53069454787,213.001
SW_021,aa1,10,3857,35,long,725.3251097067,932.602590482042,213.001
SW_021,aa1,10,3857,50,long,701.607232707821,916.28287393032,213.001
SW_021,aa1,10,3857,65,long,662.701188180309,980.225459562116,213.001
SW_021,aa1,10,3857,80,long,649.744250023907,950.456960861792,213.001
SW_021,ih1,5,3904,20,short,391.489350330965,2697.72905206229,NA
SW_021,ih1,5,3904,35,short,376.119289492735,2778.9130318064,NA
SW_021,ih1,5,3904,50,short,404.040964650843,2813.73879632058,NA
SW_021,ih1,5,3904,65,short,377.518572420987,2808.00102030668,NA
SW_021,ih1,5,3904,80,short,388.2953828627,2672.91862665528,NA
SW_021,ae1,2,3972,20,long,860.766482261106,1885.82756005169,230.63
SW_021,ae1,2,3972,35,long,834.642442397117,1846.43209067973,230.63
SW_021,ae1,2,3972,50,long,856.38258742372,1779.88640087776,230.63
SW_021,ae1,2,3972,65,long,806.84891,1640.6309,230.63
SW_021,ae1,2,3972,80,long,758.469329630508,1459.42453578727,230.63
SW_021,{:,1,3991,20,long,981.927177421862,1650.22488118853,235.21
SW_021,{:,1,3991,35,long,1026.3100508261,1648.79330913907,235.21
SW_021,{:,1,3991,50,long,1001.24492529031,1621.59467301911,235.21
SW_021,{:,1,3991,65,long,922.308884831984,1620.85965691305,235.21
SW_021,{:,1,3991,80,long,838.032744920217,1689.43776763689,235.21
SW_021,{:,4,3994,20,long,937.333564582627,1572.06268877874,NA
SW_021,{:,4,3994,35,long,918.821459496879,1614.01552938208,NA
SW_021,{:,4,3994,50,long,948.584436662174,1553.99100595374,NA
SW_021,{:,4,3994,65,long,852.680927534633,1548.47006321011,NA
SW_021,{:,4,3994,80,long,811.245490025661,1623.13517715728,NA
SW_021,{:,9,4000,20,long,914.655978660679,1524.58413774947,201.80
SW_021,{:,9,4000,35,long,1024.73041348193,1371.81929571144,201.80
SW_021,{:,9,4000,50,long,949.465418289847,1536.00596079776,201.80
SW_021,{:,9,4000,65,long,889.283608421295,1545.11548504355,201.80
SW_021,{:,9,4000,80,long,858.014319115024,1592.75017673297,201.80
SW_021,{,10,4010,20,short,889.332620815752,1627.62672593401,194.57
SW_021,{,10,4010,35,short,857.88298500422,1566.61427022103,194.57
SW_021,{,10,4010,50,short,848.720675926457,1656.85323428848,194.57
SW_021,{,10,4010,65,short,787.76646512947,1697.24228905938,194.57
SW_021,{,10,4010,80,short,764.969230909649,1760.03695758264,194.57
SW_021,oe1,10,4040,20,long,707.713773557353,1499.91349067979,215.91
SW_021,oe1,10,4040,35,long,761.498893786202,1494.94650089293,215.91
SW_021,oe1,10,4040,50,long,765.452931015055,1459.16561260646,215.91
SW_021,oe1,10,4040,65,long,748.645463048564,1426.12222963514,215.91
SW_021,oe1,10,4040,80,long,687.556349924636,1432.07628788536,215.91
SW_021,9:,4,4054,20,long,674.705470999141,1144.0217172393,238.86
SW_021,9:,4,4054,35,long,685.730482473132,1145.59725960559,238.86
SW_021,9:,4,4054,50,long,654.812636296316,1122.85364389714,238.86
SW_021,9:,4,4054,65,long,664.105515915916,1101.97309747283,238.86
SW_021,9:,4,4054,80,long,660.793724327658,1112.38794403978,238.86
SW_021,9:,8,4058,20,long,661.937833427483,1139.03331252706,226.84
SW_021,9:,8,4058,35,long,660.115885188997,1129.48450276823,226.84
SW_021,9:,8,4058,50,long,659.474754264216,1105.77899241921,226.84
SW_021,9:,8,4058,65,long,668.6440826512,1230.30527258034,226.84
SW_021,9:,8,4058,80,long,651.349546656208,1364.19331693563,226.84
SW_022,uh1,10,4170,20,short,493.903776575367,1338.13754364356,79.16
SW_022,uh1,10,4170,35,short,475.531041257758,1254.72450802618,79.16
SW_022,uh1,10,4170,50,short,452.921225679421,1215.11791914469,79.16
SW_022,uh1,10,4170,65,short,440.518552873939,1211.77887638671,79.16
SW_022,uh1,10,4170,80,short,400.050015881094,1217.05079949322,79.16
SW_022,{:,6,4216,20,long,735.389312190457,1397.23933527131,127.46
SW_022,{:,6,4216,35,long,775.099091843004,1457.34791711545,127.46
SW_022,{:,6,4216,50,long,805.863668312744,1515.49469223613,127.46
SW_022,{:,6,4216,65,long,685.345814063972,1502.32790037786,127.46
SW_022,{:,6,4216,80,long,536.649036050647,1519.62354425574,127.46
SW_022,{:,9,4219,20,long,853.300276756869,1627.02511827419,110.15
SW_022,{:,9,4219,35,long,885.079351742727,1571.92648465481,110.15
SW_022,{:,9,4219,50,long,876.356153455482,1587.11848477111,110.15
SW_022,{:,9,4219,65,long,838.815113196586,1573.23125231,110.15
SW_022,{:,9,4219,80,long,716.731275987618,1640.02921367873,110.15
SW_022,oah1,2,4242,20,short,490.323231245308,910.676792149707,79.5385172099955
SW_022,oah1,2,4242,35,short,473.88585176161,884.624208435415,79.5385172099955
SW_022,oah1,2,4242,50,short,490.896696884029,889.19619119031,79.5385172099955
SW_022,oah1,2,4242,65,short,463.840490487858,902.858354327766,79.5385172099955
SW_022,oah1,2,4242,80,short,447.388046411504,912.994337153769,79.5385172099955
SW_022,9:,10,4280,20,long,526.407076619074,1233.14771444526,132.28
SW_022,9:,10,4280,35,long,507.03971727559,1178.79432399734,132.28
SW_022,9:,10,4280,50,long,472.934726225865,1124.63768737623,132.28
SW_022,9:,10,4280,65,long,475.385193947869,1136.21179095338,132.28
SW_022,9:,10,4280,80,long,424.666885140037,1232.07232998476,132.28
SW_024,ee1,1,4528,20,long,415.902255217757,2749.15916906126,242.28
SW_024,ee1,1,4528,35,long,390.488923070783,2760.41021421248,242.28
SW_024,ee1,1,4528,50,long,372.7995685,2758.3750431,242.28
SW_024,ee1,1,4528,65,long,450.7598,2347.17879981448,242.28
SW_024,ee1,1,4528,80,long,610.492621861773,2038.8433914506,242.28
SW_024,oa1,1,4671,20,long,481.051292408244,2575.89161732756,234.77
SW_024,oa1,1,4671,35,long,384.30896481,581.6060733,234.77
SW_024,oa1,1,4671,50,long,428.291780460873,503.664409916501,234.77
SW_024,oa1,1,4671,65,long,513.443561584086,781.400019725654,234.77
SW_024,oa1,1,4671,80,long,658.291352126698,1093.66392047242,234.77
SW_024,oa1,9,4679,20,long,484.880238111958,586.843676020314,228.82
SW_024,oa1,9,4679,35,long,441.791970294412,593.845331122298,228.82
SW_024,oa1,9,4679,50,long,404.778913502957,644.124131178694,228.82
SW_024,oa1,9,4679,65,long,533.283988685549,967.658064276383,228.82
SW_024,oa1,9,4679,80,long,668.34146645508,1217.21336726155,228.82
SW_024,oa1,10,4680,20,long,321.777511813838,506.49551010459,296.11
SW_024,oa1,10,4680,35,long,434.288137570269,469.613318560547,296.11
SW_024,oa1,10,4680,50,long,413.11916185005,592.258888692395,296.11
SW_024,oa1,10,4680,65,long,518.986628255677,847.883887446554,296.11
SW_024,oa1,10,4680,80,long,672.86584143667,1210.44579565199,296.11