Talker,Vowel,Token,Trial,Location,Quantity,F1,F2,F3
SW_032,aa1,1,1541,20,long,611.377860052792,774.523658071197,2528.65712838305
SW_032,aa1,1,1541,35,long,597.645346780228,811.639952314933,2737.09898090765
SW_032,aa1,1,1541,50,long,546.508046719797,774.145050136737,2748.47955953571
SW_032,aa1,1,1541,65,long,517.411041012199,768.18187823387,2629.33903217325
SW_032,aa1,1,1541,80,long,547.523591565832,792.905984642951,2546.43101779723
SW_032,aa1,2,1542,20,long,628.334252417661,779.525823205388,2669.71490728989
SW_032,aa1,2,1542,35,long,634.863599160211,779.224945680462,2737.76707996077
SW_032,aa1,2,1542,50,long,584.810349319489,755.59602443984,2842.90984159745
SW_032,aa1,2,1542,65,long,586.263979240168,751.854513209913,2688.31457366136
SW_032,aa1,2,1542,80,long,653.223671206691,730.363689658393,2664.81321016025
SW_032,aa1,3,1543,20,long,591.428868385473,829.253322689546,2541.80834049846
SW_032,aa1,3,1543,35,long,544.239140584062,757.026701880096,2612.68463267525
SW_032,aa1,3,1543,50,long,403.154051803293,686.048715938259,2636.119243604
SW_032,aa1,3,1543,65,long,602.260647481857,732.580830271066,2662.22757816483
SW_032,aa1,3,1543,80,long,623.997851449054,754.176665444167,2609.2265520685
SW_032,aa1,4,1544,20,long,537.355379495976,852.154311331297,2549.90021898471
SW_032,aa1,4,1544,35,long,565.43033813314,842.069794351123,2540.29977987292
SW_032,aa1,4,1544,50,long,626.432767081057,759.828786659962,2572.16799960172
SW_032,aa1,4,1544,65,long,488.699350017261,754.008284402338,2608.21536293088
SW_032,aa1,4,1544,80,long,444.584501630792,720.107195204145,2589.90989293443
SW_032,aa1,5,1545,20,long,561.31381218044,834.989897646705,2578.30316029818
SW_032,aa1,5,1545,35,long,591.274394857429,760.426279522699,2628.45719423022
SW_032,aa1,5,1545,50,long,606.637311858003,734.219230985358,2643.56607371681
SW_032,aa1,5,1545,65,long,518.736768349991,766.585863319634,2605.87436095044
SW_032,aa1,5,1545,80,long,654.853794619824,866.22090968127,2529.92351692269
SW_032,aa1,6,1546,20,long,684.430092680696,765.685176520409,2544.88718578152
SW_032,aa1,6,1546,35,long,496.537789653175,717.828516746644,2586.18069712037
SW_032,aa1,6,1546,50,long,755.267830641704,2620.06429193847,3539.36907912458
SW_032,aa1,6,1546,65,long,735.687460508417,2637.62390963989,3535.0544356474
SW_032,aa1,6,1546,80,long,628.3461505344,1160.458890927,2816.91724212693
SW_032,aa1,7,1547,20,long,512.32049110393,754.393818574652,2518.24429360319
SW_032,aa1,7,1547,35,long,738.207178354734,2579.44172332102,3293.23497243011
SW_032,aa1,7,1547,50,long,767.764434486911,2694.82751725297,3343.1444093163
SW_032,aa1,7,1547,65,long,483.201220143198,695.867270952158,2929.51862528933
SW_032,aa1,7,1547,80,long,697.136005428307,2627.0456420823,3288.15177628884
SW_032,aa1,8,1548,20,long,732.270247561368,2712.84368538985,3092.90034074437
SW_032,aa1,8,1548,35,long,675.391593455025,2822.30237033048,3432.17699831452
SW_032,aa1,8,1548,50,long,738.01397434815,2884.8003801033,3358.77501160401
SW_032,aa1,8,1548,65,long,687.283575232003,2688.42946408783,3400.08599430692
SW_032,aa1,8,1548,80,long,649.808067217939,1455.06054496497,3072.98663031874
SW_032,aa1,9,1549,20,long,734.864343693436,2302.00929329652,3473.67732484911
SW_032,aa1,9,1549,35,long,758.752003742149,2745.77206098809,3420.28850286322
SW_032,aa1,9,1549,50,long,743.360495226273,2893.0601967507,3538.39283566777
SW_032,aa1,9,1549,65,long,711.228838112843,2642.97482827625,3294.02252048977
SW_032,aa1,9,1549,80,long,705.516972778845,3012.67102942322,3325.98810231246
SW_032,aa1,10,1550,20,long,706.121368840949,789.332349919422,2533.93818861346
SW_032,aa1,10,1550,35,long,396.649140202263,763.983554623903,2619.54480463381
SW_032,aa1,10,1550,50,long,411.245301508587,756.504197586019,2717.12045850509
SW_032,aa1,10,1550,65,long,410.742378000541,725.898878137143,2717.09825122719
SW_032,aa1,10,1550,80,long,644.032993213192,1175.44915578767,2819.15501208748
