Talker,Vowel,Token,Trial,Location,Quantity,F1,F2,cumulative_probability_F1F2
SW_001,ee1,3,13,65,long,495.842078635765,2132.30996849809,0.000385005064046977
SW_001,ee1,5,15,50,long,363.101882795747,2720.6064499409,0.00855251130883167
SW_001,ii1,5,24,65,long,419.018236192996,901.060617825464,9.51077780949732e-05
SW_001,oo1,3,32,35,long,421.296127545523,450.821644607535,0.000335403863148791
SW_001,uh1,2,46,35,short,410.822626562026,948.946180375331,0.00191077546927669
SW_001,yh1,3,57,65,short,382.867178928898,2414.64012119794,0.00552385305302321
SW_001,ae1,2,61,50,long,423.766925601257,968.896317154053,0.000118042961263837
SW_001,{,3,77,50,short,680.686913789706,1414.32364040073,0.00886483015515174
SW_001,oah1,5,89,35,short,448.807601021797,798.584879523656,0.00709295690942997
SW_001,oah1,5,89,65,short,419.26232647432,973.188633070796,0.00241899876437781
SW_001,oe1,4,93,35,long,566.448598724813,1707.06454160919,0.00532602249675394
SW_001,oe1,4,93,65,long,624.095939686575,1634.62613053935,0.00568464312393589
SW_001,9,2,106,35,short,632.617192074254,1248.81929116658,0.00661757420159409
SW_002,aa1,4,113,65,long,577.67707691179,1098.99129308047,0.00721106445523302
SW_002,aa1,5,114,65,long,559.403026193933,1134.46274324439,0.0092130384699139
SW_002,ah1,7,126,65,short,692.044219779408,1461.6258061412,0.00290461459577638
SW_002,ah1,9,128,35,short,682.240948709015,1327.90358595864,9.3201586575114e-05
SW_002,ee1,5,133,65,long,498.698745086954,2046.30738701386,0.00875018500358903
SW_002,ee1,8,136,35,long,388.443495105085,1639.00364042891,5.95817283384721e-07
SW_002,eh1,2,140,65,short,645.04428801982,1035.85234464924,1.11882294783575e-06
SW_002,eh1,14,242,50,short,718.014296921225,1252.3222599658,0.001651963097691
SW_002,eh1,15,243,50,short,771.875519210118,1200.77314742297,0.0016514274512172
SW_002,ii1,6,154,50,long,390.495146816633,1091.59179061167,0.00140961345530172
SW_002,ii1,8,156,65,long,367.60720518032,883.592724320308,4.83666097218758e-05
SW_002,ih1,1,159,65,short,404.801824630613,1157.2015866983,0.0077182128755123
SW_002,ih1,7,165,65,short,380.17747350014,2435.08783239661,0.00534009587242175
SW_002,ih1,8,166,35,short,437.433357062277,729.942456863718,0.00861970228073286
SW_002,ih1,8,166,65,short,384.885767074052,1982.11918679872,0.00601455583395376
SW_002,oo1,9,177,35,long,465.930446553043,515.069283736017,0.00713949357677244
SW_002,oh1,7,185,65,short,392.823530993274,864.234203354337,0.00752909059595885
SW_002,oh1,8,186,65,short,385.647465017039,862.052626313234,0.00293775288385855
SW_002,oh1,9,187,35,short,481.403065097339,502.58276369672,0.00269404319696099
SW_002,oh1,10,188,65,short,378.645430199078,896.530692045574,0.00268108623816342
SW_002,uh1,8,206,65,short,378.728941291521,1320.88435363155,0.00616185023461776
SW_002,ae1,2,230,65,long,778.494506481376,1779.14774386322,0.00478808922766675
SW_002,ae1,4,232,65,long,795.892303751726,1700.38931854791,0.00220476860199213
SW_002,{:,2,250,65,long,723.55905549293,1704.49835232614,0.00142475504574227
SW_002,{:,10,258,65,long,849.997840905732,1600.36319781932,0.000407635648496537
SW_002,{,4,262,65,short,906.81858746155,1518.70349995179,0.0002727161566002
SW_002,{,9,267,65,short,697.139002966203,1920.02382823256,0.00206920794366217
SW_002,{,10,268,65,short,708.48088334321,1884.31338702111,0.00251389812860259
SW_002,oah1,10,288,50,short,496.327724489054,900.605345001773,0.0098207590443873
SW_002,oe1,3,291,65,long,525.67090547413,1423.06314439138,0.000690371801251843
SW_002,oe1,4,292,65,long,507.695561755257,1454.71351977404,0.000287132226961376
SW_002,oeh1,9,307,65,short,514.647995628506,1647.02138833645,0.00112560968150283
SW_002,oeh1,10,308,65,short,524.107448362157,1603.43166003667,0.0012784395342013
SW_002,9:,9,317,50,long,575.971479844342,1214.30962402164,0.00731028825793177
SW_002,9,3,321,35,short,586.387196141798,1265.19230275702,0.00838295305593289
SW_002,9,5,323,35,short,533.260327405039,1311.97211539777,0.0037557073954005
SW_002,9,7,325,65,short,442.343033004174,1551.5625011747,0.00328867670520722
SW_002,9,9,327,65,short,428.525061977386,1485.32551247247,0.000153650222191325
SW_003,ee1,5,353,35,long,398.04147666848,1762.86348764422,4.63239262996942e-06
SW_003,ee1,8,357,35,long,325.188739478825,2962.42149650114,0.00690601096978458
SW_003,eh1,2,360,50,short,689.560629289687,1459.26595328186,0.00167196381861904
SW_003,eh1,2,360,65,short,659.204132712156,1361.47736547707,0.000134965914731242
SW_003,eh1,15,466,65,short,632.977600580064,1413.34373925574,0.00026376573704942
SW_003,eh1,17,468,65,short,501.395338714334,1915.68715015222,0.00598539695481543
SW_003,eh1,21,472,65,short,504.106883222042,1959.92052958833,0.00974619108659649
SW_003,ii1,1,370,65,long,368.727902058791,1033.2882916137,0.000325265634385194
SW_003,ii1,2,371,50,long,426.932726575417,1145.86445737828,0.00822190999034449
SW_003,ii1,6,379,65,long,310.003970607624,2119.80595895841,0.00203274083860441
SW_003,ih1,1,375,65,short,368.04524973053,1921.74544598439,8.38468128477489e-05
SW_003,ih1,14,390,50,short,396.636079335234,2095.95305718386,0.00332068504895263
SW_003,ih1,14,390,65,short,424.702753317846,1651.1073697852,1.89457337674444e-05
SW_003,oo1,7,397,65,long,265.687481725046,2406.91809434216,0.00193103828499868
SW_003,oo1,8,398,35,long,309.978400341705,428.618199077606,0.00426067177745339
SW_003,uu1,1,413,65,long,346.915890602376,1501.54269918518,0.0054861796283466
SW_003,uu1,4,416,65,long,325.870722869498,1548.26391320331,0.00719910624288914
SW_003,uu1,8,420,65,long,291.207826632101,1662.42314979292,0.00424851580482878
SW_003,yy1,6,438,65,long,305.436389580624,1642.55543130187,0.00490644388541987
SW_003,yy1,9,441,65,long,354.052872643249,1290.58013286363,2.42142541697994e-05
SW_003,yh1,4,446,50,short,351.953877451157,1892.60670367752,0.000223259592530522
SW_003,yh1,4,446,65,short,339.528498278091,2113.41480523547,0.0023988885409485
SW_003,ae1,2,454,50,long,704.257931565135,1675.59002507326,0.00226273908699072
SW_003,ae1,3,455,65,long,639.186127866597,1716.17031078148,0.00173985854534121
SW_003,{:,4,476,65,long,653.591830444588,1720.43231192204,0.00236997587634459
SW_003,{:,5,477,35,long,806.646371275953,1601.42467140847,0.00272016702891484
SW_003,{,1,483,35,short,970.835532318455,1684.21315044591,0.00500393830315644
SW_003,{,10,492,65,short,664.319299865496,1742.0955290796,6.08353061792734e-05
SW_003,oa1,2,494,50,long,269.14640987688,1296.36078786219,0.00269743768373681
SW_003,oah1,7,508,35,short,417.386977694671,875.795543556252,0.00790637073918055
SW_003,oe1,5,516,35,long,478.556764195949,1497.80474069754,0.00813079997252738
SW_003,9:,3,533,35,long,495.009184810301,1348.01962722593,0.00446320482917528
SW_003,9:,3,533,50,long,501.200931150473,1360.09216322092,0.00793480859294564
SW_003,9:,7,537,35,long,517.817536031152,1340.84850055739,0.00884952535292032
SW_003,9,4,544,35,short,418.396776896996,1311.26593969899,0.0042538979159547
SW_003,9,5,545,35,short,445.422153578761,1231.84580959434,0.00598247954075175
SW_003,9,5,545,50,short,506.004435866954,1175.455414859,0.00709102408448915
SW_004,ee1,3,563,35,long,368.6263695978,2625.10112933965,0.00144315437543428
SW_004,ee1,4,564,35,long,321.375107745733,2852.53743116949,0.00107861872189613
SW_004,eh1,2,567,65,short,695.617763516391,1845.60937643958,0.00954954887156894
SW_004,eh1,5,570,65,short,743.268247344165,1618.45907666393,0.00271902103822344
SW_004,eh1,7,616,65,short,738.639454200677,1629.59517085352,0.00286516377630314
SW_004,ii1,1,571,35,long,317.762617627877,2022.55960684866,0.00543632314184834
SW_004,ih1,2,577,35,short,314.257639363405,2564.56530579961,0.00226804598601045
SW_004,oo1,3,583,35,long,355.197822106527,684.837397035884,0.00370071010620348
SW_004,uh1,2,597,35,short,370.426656533471,1218.62372359137,0.00224986057424581
SW_004,uh1,2,597,50,short,390.960219256674,1238.78589704454,0.00907676431988874
SW_004,yy1,4,604,65,long,365.039972526835,1796.85577534611,0.00994857799700433
SW_004,ae1,4,614,65,long,878.894053517252,1648.82378539595,0.00188414008789072
SW_004,{:,3,622,65,long,965.001938024846,1646.55153860785,0.00732186225840151
SW_004,{:,5,624,50,long,1116.96700532197,1578.78506482423,0.00848559757462787
SW_004,{,1,625,65,short,635.866866656532,1926.93792757116,0.00459545668682975
SW_004,{,2,626,35,short,975.95720363774,1256.56088574618,0.00112580653880838
SW_004,oah1,2,636,65,short,478.313141380986,727.813213161772,0.000481678052565668
SW_004,oe1,2,641,50,long,692.553529373134,1636.94449831353,0.00115338065435756
SW_004,oe1,4,643,65,long,733.309111381281,1379.57625549167,0.00591720116552518
SW_004,oeh1,1,645,65,short,689.03237920289,1492.04746753085,0.00870694905198944
SW_004,9,2,655,35,short,641.438196278572,1189.33044407942,0.00721970472562268
SW_004,9,4,657,35,short,587.818122432688,1279.81254980156,0.00373844954070464
SW_005,aa1,5,664,50,long,527.398938277322,817.059967188334,0.00092409020828428
SW_005,ah1,5,674,35,short,795.855844174843,1202.56618513736,0.00205037841403669
SW_005,ee1,1,680,35,long,379.77584388632,591.073732307865,0.00855218035504082
SW_005,eh1,5,694,65,short,582.206122295736,881.556813131107,0.000210565217940242
SW_005,eh1,7,696,65,short,709.020704303587,821.464317437947,0.00234460216618671
SW_005,eh1,9,698,50,short,639.202848976162,773.217407360966,0.000668269608493866
SW_005,eh1,15,794,65,short,651.148539563096,1033.48348026574,0.00450897812757549
SW_005,ii1,3,702,35,long,216.107326352656,470.953899100052,1.74792974550663e-06
SW_005,ih1,7,716,65,short,372.578187010358,829.562341021388,0.00940759657272475
SW_005,ih1,8,717,35,short,322.075927442803,766.44947696641,0.000211298239246276
SW_005,ih1,10,719,35,short,347.343870010995,763.480460393468,0.0017956046509027
SW_005,oh1,10,739,35,short,352.277012817628,580.565364598518,0.00600524581093268
SW_005,uu1,2,742,65,long,351.492157959203,1672.59888018385,0.00867753574695572
SW_005,yy1,1,760,35,long,328.7421058507,2502.42843479454,0.00407699810767652
SW_005,yy1,10,769,65,long,375.19194174399,1765.7783493993,3.18923103941747e-06
SW_005,yh1,1,770,65,short,376.670365865926,2469.56270082938,0.0081121267599225
SW_005,yh1,5,774,65,short,375.906058033548,2381.97047102327,0.00173697429563004
SW_005,ae1,2,781,65,long,662.694232091807,1288.34396886343,0.00831120355873212
SW_005,ae1,10,789,35,long,552.271671824121,841.845343590364,4.89888481824347e-05
SW_005,{:,9,807,50,long,921.231463647707,1361.22363403814,0.00055535658206315
SW_005,{:,10,808,50,long,955.768898188876,1218.81533561175,2.94763788035169e-05
SW_005,{,7,815,50,short,384.904266664028,2032.22858264801,4.50496069202002e-06
SW_005,oah1,6,834,35,short,484.879901780474,851.683570487313,0.00688305586404384
SW_005,oah1,7,835,35,short,486.506629064803,819.787190799549,0.00341251560068776
SW_005,oe1,2,840,35,long,636.496519269508,1947.61705252877,0.00292497057827441
SW_005,oe1,6,844,65,long,708.645612830982,1512.59547352904,0.00939350381492303
SW_005,oe1,9,847,65,long,670.956101461335,1628.72244960949,0.00689528530219572
SW_005,oe1,10,848,65,long,671.846736257428,1582.12843916159,0.00367095377835662
SW_005,oeh1,2,850,65,short,559.999504099847,1710.7646581047,0.00687436733846306
SW_005,oeh1,4,852,65,short,567.539234830831,1667.94882510449,0.00440394052808631
SW_005,9:,3,861,35,long,414.446600993019,1354.96784441913,0.00107114573035333
SW_005,9:,4,862,35,long,347.97667654317,1212.50162038743,2.21097383705489e-05
SW_005,9,7,875,65,short,269.542172819481,1568.87038684748,1.74760467682167e-05
SW_005,9,10,878,35,short,575.375267759679,1077.35619477468,0.00542940217334391
SW_006,aa1,2,880,65,long,419.373353323829,822.381917632035,0.00869204386167807
SW_006,ah1,1,889,65,short,698.564777423001,1140.50934928143,0.000227757677422234
SW_006,ah1,5,893,65,short,691.630409377082,1235.4729458828,0.00882035302123022
SW_006,ah1,9,897,65,short,610.611387913615,1331.56463370931,0.00431722060312234
SW_006,ee1,8,906,35,long,330.271958971454,1271.74158454195,3.85390291172996e-05
SW_006,ee1,10,908,35,long,344.233784038609,1798.62427508973,0.00605058041553152
SW_006,eh1,5,913,65,short,452.121610801479,1921.78934463146,0.00895060344501076
SW_006,eh1,6,914,35,short,461.648796995926,1555.5392854634,2.00987671004643e-06
SW_006,eh1,7,915,35,short,437.486275066945,1864.77418979931,0.00147201080914377
SW_006,eh1,13,1010,50,short,573.877560328547,1653.06319513425,0.00329986651824702
SW_006,eh1,13,1010,65,short,551.766748606044,1607.80791259353,0.000643403368744483
SW_006,eh1,14,1011,65,short,514.984816090928,1744.40007183208,0.0098373942288982
SW_006,ih1,4,932,65,short,316.576449589564,914.888932549114,1.98954347537312e-07
SW_006,oo1,9,947,50,long,253.443183332938,484.119791435525,0.00248364955267345
SW_006,oh1,4,952,35,short,443.309561726573,2946.25223780024,0.991480132292101
SW_006,uu1,7,965,50,long,266.151993494241,1677.41439375123,0.00215104773170431
SW_006,uh1,1,969,50,short,372.847427865036,1159.26539367634,0.00515264310199023
SW_006,uh1,1,969,65,short,352.816693318836,1230.61075350912,0.0026434256159436
SW_006,uh1,4,972,35,short,416.288406816062,1058.6943674981,0.00261302687704557
SW_006,yy1,1,979,35,long,250.439662091023,1318.6051272439,0.000319764789847149
SW_006,yy1,5,983,35,long,270.030707933258,1501.19534363828,0.00231247347915529
SW_006,yh1,3,990,50,short,292.719126510524,2196.81223244753,0.000716499962593649
SW_006,yh1,3,990,65,short,309.653664842961,2209.54177430725,0.00608703752649011
SW_006,yh1,7,994,50,short,376.015169351759,1708.80217459591,0.000560922098879532
SW_006,yh1,7,994,65,short,380.445110568151,1656.61427936178,0.000192408826571918
SW_006,ae1,1,998,65,long,629.689444055045,1580.96228752071,0.00228507729581189
SW_006,ae1,3,1000,65,long,570.349843473611,1620.12597763923,0.000633551639276094
SW_006,{:,2,1019,65,long,583.093970447301,1621.77391555966,0.000159648984304419
SW_006,{:,4,1021,50,long,672.606053040368,1622.42840968634,0.00869764820372563
SW_006,{,5,1032,50,short,796.965034169673,1645.06521569422,0.00442155161804594
SW_006,{,5,1032,65,short,775.328344738335,1684.22979862515,0.00902990877148391
SW_006,{,8,1035,65,short,687.140332581552,1782.57020495395,0.000933454843159316
SW_006,{,10,1037,35,short,751.113073061882,1712.25020667432,0.00681804560829425
SW_006,oah1,10,1057,35,short,478.153743641083,590.972325987473,0.00302337044554864
SW_006,oah1,10,1057,50,short,420.867055373329,615.477527279575,0.00510157261928004
SW_006,oe1,3,1060,65,long,451.305042371511,1463.57549489157,0.00187808938095332
SW_006,oe1,6,1063,65,long,492.623723235836,1352.31756958736,0.00692047639237439
SW_006,oe1,9,1066,65,long,525.167944372755,1194.16299054753,0.000156127621611277
SW_006,oeh1,4,1071,35,short,467.479624076747,1308.30502663266,0.0031024200064739
SW_006,oeh1,4,1071,65,short,435.99461216404,1378.6565499528,0.00718189319800804
SW_006,9:,1,1078,65,long,502.285907363876,1302.10098805756,0.00834921202058322
SW_006,9:,2,1079,65,long,423.203598013021,1383.67602467097,0.00147901344820792
SW_006,9:,5,1082,65,long,449.470320788565,1393.76032589802,0.00967763774816795
SW_006,9,5,1092,65,short,478.618418426116,1117.89072248441,7.1545206341383e-05
SW_007,ah1,3,1110,65,short,1086.80892001731,1718.15253211743,0.990604652191285
SW_007,ah1,5,1112,65,short,168.385578340136,1220.18279700359,0.00665269948373756
SW_007,ee1,3,1120,65,long,305.600501903471,2272.71015450335,0.00753287254657032
SW_007,ee1,7,1124,65,long,291.62750236774,2232.76697589577,0.00235413550268124
SW_007,ee1,9,1126,65,long,328.205356819308,2089.5564004939,0.00133248533751117
SW_007,ee1,10,1127,65,long,301.054738430276,2256.90926973918,0.00506941338302279
SW_007,eh1,3,1130,35,short,473.014990856951,1260.02731677074,0.000344570151333064
SW_007,eh1,4,1131,50,short,306.555823303918,1900.48539820363,0.00507830806057104
SW_007,eh1,12,1229,65,short,301.918409367629,1729.1540114952,0.00371467197714356
SW_007,ii1,7,1144,35,long,290.991906082905,1524.87180260318,3.10127534260545e-05
SW_007,ii1,10,1147,50,long,221.759949845431,1895.83725148736,0.00590351356079478
SW_007,ih1,3,1150,65,short,229.640272034861,2528.10111669086,0.00692711237792248
SW_007,ih1,5,1152,65,short,240.207806066764,2350.29068814427,0.000829534499362311
SW_007,oo1,7,1164,65,long,248.654530796691,702.907167755666,0.00779498988119974
SW_007,oo1,10,1167,65,long,231.06572545256,886.246165840311,0.00672990716878502
SW_007,oh1,3,1170,35,short,318.582604716382,610.619571894883,0.00840888740998395
SW_007,oh1,3,1170,50,short,361.503779606797,514.006897666713,0.002939171878676
SW_007,oh1,5,1172,65,short,270.55327684196,785.033086039683,0.00120583684417946
SW_007,uu1,1,1178,65,long,339.930471343298,1244.54222882259,0.00292783730021762
SW_007,uu1,4,1181,65,long,336.413439667319,1328.12252151148,0.00837962087233093
SW_007,uh1,1,1188,35,short,309.397339986248,999.802430182443,0.00227884359324768
SW_007,uh1,1,1188,50,short,289.183796257257,1039.79462478689,0.0033146977873168
SW_007,yy1,8,1205,65,long,230.061276554853,1532.22614472383,0.00942150902240285
SW_007,yy1,9,1206,50,long,273.866811301313,1364.80789629962,0.00322051851465993
SW_007,yh1,4,1211,50,short,308.882742738923,1783.93520242872,0.00945088277084909
SW_007,yh1,7,1214,35,short,345.965023260668,1593.4263181014,0.00402697419459652
SW_007,yh1,7,1214,50,short,302.38294308728,1742.51409757024,0.00439371285754171
SW_007,{:,8,1245,65,long,1172.40473392001,2407.7820827066,0.993297240788198
SW_007,{,2,1249,35,short,299.465335455192,1496.10745811623,0.00249254366548972
SW_007,oa1,9,1266,50,long,238.643974255637,655.38249879463,0.00576898608308387
SW_007,oah1,5,1272,50,short,278.091850548608,812.289317745873,0.00321457750332356
SW_007,oah1,5,1272,65,short,253.002958283514,830.566999107983,0.00203259717920931
SW_007,oeh1,3,1290,65,short,392.321022327657,1322.87883088707,0.00764332182141054
SW_007,oeh1,4,1291,50,short,340.633064488636,1441.30019249602,0.0091099641487169
SW_007,oeh1,4,1291,65,short,303.796676656021,1612.95203910057,0.00536647809939745
SW_007,oeh1,7,1294,50,short,578.4740756919,1231.04121001536,0.00431977835107542
SW_007,9:,5,1302,65,long,415.739863393984,822.435961961893,0.00694190044779609
SW_007,9:,10,1307,50,long,317.809058833063,901.762188590258,0.00913774733934889
SW_007,9,3,1310,35,short,284.415288570628,1186.29145832784,0.00431278319106934
SW_007,9,5,1312,35,short,268.750524090966,1255.63210056291,0.00414618540035788
SW_008,aa1,1,1318,65,long,487.04822185334,913.473216512674,0.00564048844620858
SW_008,ee1,2,1329,35,long,277.203829837917,2825.40313425818,0.0027486726705509
SW_008,ee1,2,1329,65,long,478.272060846712,2222.44799765935,0.00625299321552079
SW_008,ee1,4,1331,65,long,365.11628842873,2512.20603510505,0.00812591885072388
SW_008,ee1,5,1332,65,long,350.372215445716,2548.16909051948,0.00564037466818446
SW_008,eh1,10,1387,35,short,566.297240652718,1243.59756114558,1.99929323359109e-06
SW_008,ii1,1,1338,65,long,287.744184610462,2001.41319932838,0.00959847910642282
SW_008,uh1,5,1367,50,short,423.957493002314,999.504777905322,0.0087892377426285
SW_008,yh1,2,1374,50,short,333.816224283452,2417.84727030356,0.00928888115584234
SW_008,yh1,3,1375,50,short,332.179714436773,2389.3440667231,0.00266174886193691
SW_008,yh1,5,1377,65,short,373.749278014349,2203.08980947609,0.00685931499945453
SW_008,{:,2,1389,65,long,681.940315147672,1539.81257229117,0.00129129259799721
SW_008,{,1,1393,35,short,957.364516711349,1494.13877956426,0.00156242257265974
SW_008,{,4,1396,65,short,736.087316690424,1875.46409507333,0.00226772594313894
SW_008,oah1,5,1407,65,short,386.109142430235,752.906143019411,0.00863988064891611
SW_008,oe1,1,1408,35,long,502.924651080442,1516.97094484771,0.00413642524082426
SW_009,ah1,4,1436,65,short,630.669666562162,1258.43089656783,0.00566188995862415
SW_009,ee1,1,1438,35,long,344.35183538627,2455.26540751858,0.00216363757626826
SW_009,ee1,3,1440,35,long,289.777844901445,2731.00247816283,0.00700105011702557
SW_009,eh1,3,1445,50,short,562.845438329141,1356.62873139436,0.00648466552789984
SW_009,eh1,3,1445,65,short,520.163369570413,968.149747681721,3.94254820552241e-05
SW_009,ii1,5,1452,35,long,281.325683484519,1579.81372942302,0.000222425618510287
SW_009,oo1,2,1459,65,long,395.691352074177,433.373112828165,0.00716475064160386
SW_009,oh1,1,1463,35,short,465.677663666162,836.957558264907,0.00948607906364367
SW_009,uu1,1,1468,65,long,262.93409985979,1683.3128268872,0.00246595104494136
SW_009,uh1,3,1475,35,short,343.349288741472,1115.46338469706,0.00995732169891427
SW_009,yy1,4,1481,50,long,275.748829891252,1649.23206181784,0.00378182822059142
SW_009,yh1,4,1486,65,short,294.585436001518,1468.789332316,0.000144192459602739
SW_009,ae1,5,1492,65,long,605.942215754094,1464.80827476867,0.00108235074032296
SW_009,{:,3,1500,50,long,859.026208924739,1616.42225375699,0.00417239920304751
SW_009,{:,4,1501,50,long,869.608563013385,1621.99723518279,0.00974496291002041
SW_009,{,3,1505,65,short,675.536596039234,1429.36318145216,0.00039401961620733
SW_009,oe1,4,1521,50,long,570.391901709716,1484.6194211698,0.0078746598108945
SW_009,9,1,1533,35,short,469.232763091941,1187.31351126583,0.00472185082604229
SW_010,ah1,2,1544,50,short,707.756485648298,1147.75748353726,0.00456013460404928
SW_010,ee1,3,1550,65,long,485.165176454993,1931.05853023355,0.00384107976347994
SW_010,ee1,4,1551,65,long,381.968387516108,2136.55364356276,7.48326903465975e-05
SW_010,eh1,10,1606,35,short,486.6382290166,1574.73092887183,0.00502919415177537
SW_010,ii1,2,1559,65,long,277.759403261549,1980.20961661706,0.00478301525852482
SW_010,ih1,2,1563,65,short,319.242233559321,2514.26733286371,0.00549769271944076
SW_010,oo1,4,1570,65,long,237.686501981892,1293.01049572317,0.000386270382111197
SW_010,oh1,2,1573,65,short,388.312012708794,769.940935916203,0.00467500426447497
SW_010,oh1,5,1576,65,short,465.372114553041,696.266063731979,0.00406570718037161
SW_010,uu1,1,1577,65,long,316.77891134635,1610.43719931017,0.00127501692633566
SW_010,yh1,1,1592,50,short,330.983335963955,2168.46537822055,0.00837194563370585
SW_010,ae1,2,1598,35,long,456.496965819226,1537.55175111616,0.00562255389110343
SW_010,{:,1,1607,35,long,601.716743486834,1553.99622309555,0.00076626849661201
SW_010,{,3,1614,50,short,508.257523474227,1583.06771436813,0.00460076324786683
SW_010,oa1,1,1617,35,long,307.366211652564,429.456239709706,0.0037451290985857
SW_010,oah1,1,1622,65,short,557.670838951822,665.129331972747,0.00642544481003355
SW_010,oe1,1,1627,65,long,436.819232242579,1259.117622657,0.00347299832436965
SW_010,oeh1,4,1635,65,short,476.206474182746,1546.56202712778,0.00755471835040178
SW_010,9,5,1646,50,short,472.300436330409,1203.84948078503,0.00573588423192169
SW_011,ee1,1,1667,50,long,365.533046084943,2744.76510271099,0.00476928911759129
SW_011,ee1,2,1668,50,long,363.529170541579,2724.92825310455,0.00323340993326657
SW_011,ee1,6,1672,35,long,431.541419847692,2354.83992320443,0.00473747792930249
SW_011,ee1,8,1674,65,long,490.264452295512,2074.5352250701,0.00388517936458949
SW_011,eh1,5,1681,35,short,566.702386671215,2080.30421651352,0.00452905081902379
SW_011,eh1,5,1681,65,short,625.680826080544,1794.96667129176,0.00452717827333675
SW_011,ii1,9,1695,35,long,369.149434966241,1151.60661151082,7.86489989451938e-07
SW_011,ih1,4,1700,65,short,380.418175784319,2638.74299369279,0.00797678267637309
SW_011,ih1,9,1705,65,short,367.627520458188,2648.30688351944,0.00321031042991901
SW_011,oh1,4,1720,50,short,445.757193272968,793.364149162229,0.00163279230109331
SW_011,oh1,4,1720,65,short,397.813925062149,934.19791763293,0.00375379813513164
SW_011,uh1,9,1745,65,short,383.614057567597,1392.92105604635,0.00682179497157939
SW_011,yy1,6,1752,65,long,301.380932457745,1924.67576656131,0.00366195385620671
SW_011,yh1,1,1757,65,short,392.731805034229,2212.08151464448,0.00516689512660742
SW_011,yh1,2,1758,65,short,365.607145036369,2300.30683114992,0.00775663040655065
SW_011,yh1,3,1759,65,short,351.830126256888,2413.03928079165,0.00468479832240691
SW_011,yh1,4,1760,65,short,384.54455206279,2227.74606061484,0.00573348680432423
SW_011,ae1,9,1775,35,long,680.091053923394,1891.79147173552,0.00623398963755233
SW_011,{:,3,1789,50,long,780.349850398547,1629.43326764489,0.00394865731972181
SW_011,{:,4,1790,65,long,624.798405175483,1817.47260727127,0.00112571203909311
SW_011,{:,10,1796,65,long,772.514052254337,1650.22716969638,0.00642492630600992
SW_011,{,5,1801,65,short,766.575192733327,1806.10498796788,0.00407708369435772
SW_011,oah1,3,1819,50,short,478.434402045772,903.124285797481,0.00511346943557268
SW_011,oah1,4,1820,50,short,484.377836864056,894.496407024421,0.00630348351692373
SW_011,oe1,1,1827,65,long,493.26432891374,1388.08768509844,0.000707533692171969
SW_011,oe1,5,1831,65,long,561.020099350481,1328.67532325053,0.00954535256995786
SW_011,9:,2,1848,65,long,430.941980066023,1218.63055438208,0.00124772413071651
SW_011,9:,8,1854,35,long,513.289437109255,1101.89021580967,0.00447807011421339
SW_011,9,10,1866,35,short,466.526798293731,1112.05740893864,0.000528911324471567
SW_012,aa1,2,1868,35,long,550.758795042565,945.337121651922,0.00901914203376208
SW_012,aa1,3,1869,35,long,539.522733402507,921.839121938649,0.0028165435626364
SW_012,ah1,4,1880,65,short,721.004341954224,1283.18520423162,0.00767911006644331
SW_012,ee1,3,1889,35,long,306.372905295997,2205.030519873,0.00514276328891203
SW_012,ee1,5,1891,35,long,304.245472870028,2301.99379780324,0.00917415323034441
SW_012,ee1,10,1896,35,long,304.106790603906,2277.76188864619,0.00784151713366149
SW_012,eh1,5,1901,35,short,496.499261811167,1780.30346147482,0.00544208319631945
SW_012,eh1,8,1904,35,short,493.215699009885,1689.80321234026,0.000981944801870336
SW_012,ii1,1,1907,35,long,312.916947732944,2083.64642562087,0.00402120950839176
SW_012,ii1,2,1908,35,long,293.93869403888,2147.44558716154,0.00727072741855012
SW_012,ii1,9,1915,35,long,310.419007404931,1957.30902596676,0.000104630795180217
SW_012,ih1,8,1924,50,short,296.865202547958,2384.82507816156,0.00540065791768506
SW_012,ih1,10,1926,50,short,318.422524451425,2343.80107075996,0.00261664833078271
SW_012,uu1,1,1947,35,long,304.877961454664,1577.20451415997,0.00270898733867519
SW_012,uu1,1,1947,65,long,270.024321938023,1624.66747596669,0.000494874435664527
SW_012,uu1,9,1955,65,long,398.303492378156,1395.10230650467,0.00484525192488583
SW_012,yy1,9,1975,50,long,309.134636053827,1784.28104167747,0.0047784724332137
SW_012,yh1,3,1979,35,short,358.26300194001,1992.25180692607,0.00249293490871912
SW_012,yh1,3,1979,50,short,405.568091978023,1958.68871482436,0.00160224374681623
SW_012,ae1,1,1987,65,long,663.606317969935,1713.29782048974,0.00492497459155559
SW_012,ae1,5,1991,65,long,654.592653803546,1729.82451936166,0.00476214756918032
SW_012,ae1,10,1996,35,long,597.617053264087,1944.5762193283,0.00316846540901871
SW_012,{:,2,2008,35,long,666.106716461506,1606.07749435779,0.00120015550769516
SW_012,{,1,2017,50,short,654.803615788871,1592.7287027363,0.00447758255756819
SW_012,oa1,5,2031,50,long,102.688187743798,760.206864961565,0.00102059678247771
SW_012,oah1,1,2036,35,short,413.827500892741,861.092803224717,0.00472431256292935
SW_012,oe1,9,2054,35,long,533.768259895604,1603.15759452879,0.00574177997692099
SW_012,oe1,9,2054,65,long,612.707385725562,1497.80095296106,0.00429866245681601
SW_012,oeh1,6,2061,35,short,483.796868523937,1552.49023720135,0.0035131529661641
SW_012,oeh1,6,2061,50,short,526.96356863452,1535.571058546,0.00668608675943489
SW_012,oeh1,7,2062,65,short,512.852770490765,1549.38610583583,0.00959181767306301
SW_012,oeh1,8,2063,35,short,493.831506085507,1538.76721761484,0.00271829070578244
SW_012,oeh1,10,2065,35,short,458.356618925262,1602.94050807921,0.005509466482402
SW_012,9:,9,2074,35,long,586.792622130443,1155.01997183857,0.00997245811632776
SW_012,9:,9,2074,50,long,569.181732675536,1173.96466541798,0.00939878804543
SW_012,9,1,2076,35,short,511.891058135458,1194.35689082861,0.00227458072812049
SW_013,aa1,4,2089,35,long,507.511498869144,943.245995329559,0.00834974745592521
SW_013,ah1,7,2102,35,short,875.827616786287,1097.56070324161,0.0060316720785045
SW_013,ee1,1,2106,35,long,417.738934952367,1707.5535622602,1.49014228806044e-06
SW_013,ee1,2,2107,35,long,448.588688784879,2124.22884375384,0.0070650197316792
SW_013,ee1,4,2109,50,long,393.144273251022,2409.46347853195,0.00807124073681384
SW_013,eh1,1,2116,50,short,461.018637030418,1809.16344563865,0.00672798225708576
SW_013,eh1,2,2117,35,short,546.229967511876,1679.942212178,0.00835131717350801
SW_013,eh1,4,2119,35,short,618.588873555448,1576.18641163419,0.00583979316387245
SW_013,eh1,5,2120,35,short,595.915443743375,1202.10546000945,4.07655754867516e-06
SW_013,eh1,10,2125,35,short,572.852191476969,1654.5489663905,0.00909166748670774
SW_013,eh1,13,2217,35,short,734.692618837846,1542.36808975333,0.00897156676967715
SW_013,ih1,1,2136,35,short,299.598109596551,1419.00137940737,0.00118336566183654
SW_013,ih1,1,2136,50,short,357.419971058044,1277.24414360673,0.00122049674185315
SW_013,ih1,2,2137,50,short,335.857371529258,1376.23137363955,0.00189922166743098
SW_013,oo1,5,2150,50,long,325.085189772567,452.499688939303,0.00207304853122093
SW_013,oo1,10,2155,65,long,300.561673442411,950.027092934991,0.00146235154155221
SW_013,oh1,2,2157,35,short,385.174240819195,704.87149050469,0.00535002521337009
SW_013,oh1,3,2158,35,short,397.319409542726,656.39474878395,0.00761988669506807
SW_013,oh1,3,2158,65,short,481.781595733525,503.82736478958,0.0046560832298244
SW_013,oh1,4,2159,35,short,388.060291473726,694.806129044546,0.0061325945591476
SW_013,oh1,6,2161,50,short,453.149463749133,509.979404295508,0.00356161693765035
SW_013,yy1,10,2194,65,long,275.268424480136,2090.78190620333,0.00904107673808304
SW_013,yh1,1,2195,65,short,300.448794847638,2385.14056970612,0.00651752695041931
SW_013,yh1,5,2199,35,short,302.388695025786,2279.4611334762,0.000415627482550569
SW_013,ae1,5,2209,35,long,831.481528563712,1442.78578823465,0.00228281030477905
SW_013,ae1,9,2213,35,long,919.536864451955,1379.2171528032,0.00045428823325082
SW_013,{:,7,2231,35,long,1083.23319911157,1417.46735674644,0.00225793287015275
SW_013,{:,8,2232,35,long,1003.05004647055,1350.5201489256,0.00011262924191144
SW_013,{,4,2238,65,short,917.125583429244,1193.61299871255,2.16480304431422e-06
SW_013,oa1,4,2248,50,long,286.975014800042,453.24655564795,0.00560096836579573
SW_013,oeh1,1,2275,50,short,622.414802146217,1624.92397602931,0.00700938398782286
SW_013,oeh1,1,2275,65,short,513.191243323214,1630.53814804689,0.00187670705430046
SW_013,9:,6,2290,50,long,564.603828514954,1106.38720703182,0.00885889923100807
SW_013,9,10,2304,35,short,535.034044946921,888.34101119483,0.00756998825697535
SW_014,aa1,4,2308,65,long,479.887839695292,919.976740847933,0.00205157566685891
SW_014,ah1,3,2317,65,short,710.316029788226,1278.37745893379,0.001670596969086
SW_014,ah1,4,2318,35,short,665.611401643299,1349.54349318212,0.00508623192089062
SW_014,ee1,4,2328,65,long,457.789637732079,1963.58884456777,0.00181195604576596
SW_014,ee1,5,2329,65,long,476.563888470421,1993.94613699899,0.00767425856258812
SW_014,ee1,6,2330,65,long,495.060258093402,1797.36144829996,0.000554174651037447
SW_014,eh1,5,2339,65,short,566.908887934067,1879.44670672505,0.0040825967401087
SW_014,eh1,9,2343,65,short,568.779812295782,1822.66261066414,0.00153521482037775
SW_014,eh1,18,2446,65,short,568.604109134902,1896.57705368006,0.00684927865630911
SW_014,ii1,1,2345,35,long,282.225997624612,2322.08404838578,0.00420093171447419
SW_014,ih1,4,2358,65,short,337.16869111058,2396.29049900975,0.00529116522833169
SW_014,ih1,8,2362,65,short,311.413172265819,2424.90266237918,0.00181934008224553
SW_014,oo1,10,2374,50,long,369.026928082549,690.663217808816,0.00745180147723935
SW_014,oh1,9,2384,35,short,459.189912459373,686.665192821245,0.0010105225565175
SW_014,uu1,1,2389,65,long,292.65603676008,1478.24679876918,3.75827743896619e-05
SW_014,uu1,3,2391,65,long,326.202537545667,1533.73827687786,0.00182748523165379
SW_014,uh1,3,2401,35,short,375.87479926575,1171.58355043803,0.00169122527755176
SW_014,uh1,3,2401,50,short,366.705443999247,1172.62786697586,0.000490022926001457
SW_014,yy1,10,2418,65,long,336.507379397685,1673.23815385226,0.0069134814572816
SW_014,yh1,9,2427,65,short,357.250428728056,2220.72444755142,0.00483818968659348
SW_014,ae1,3,2431,65,long,507.119989707893,1728.33063255409,0.000402546693662537
SW_014,ae1,10,2438,65,long,571.615714280377,1697.76629633175,0.00255030535337829
SW_014,{:,7,2455,65,long,603.313207271864,1618.43043053395,0.00159841384059395
SW_014,{:,9,2457,65,long,732.083645168961,1515.14757651523,0.00118350962983085
SW_014,{,2,2460,35,short,837.130213264222,1577.3167337106,0.00627323501174885
SW_014,{,2,2460,50,short,733.233882915913,1691.49120091242,0.00774633999022016
SW_014,{,6,2464,35,short,778.931483466083,1602.61264083225,0.00178496734202213
SW_014,{,10,2468,65,short,657.884809510389,1790.8407961426,0.00191498759170686
SW_014,oa1,1,2469,35,long,116.600085271579,533.14617091434,3.06297809121387e-05
SW_014,oah1,1,2479,65,short,508.286474958549,915.936156479191,0.00694383696699534
SW_014,oah1,2,2480,35,short,543.217941026541,737.601690410991,0.0058012560899664
SW_014,oah1,2,2480,50,short,540.408676509144,713.716174009995,0.00193521842977469
SW_014,oah1,4,2482,65,short,490.661098726268,895.976023303569,0.000297539427205963
SW_014,oe1,5,2493,65,long,643.043082518945,1316.19689245774,0.00406843021513534
SW_014,oe1,6,2494,65,long,558.462066020551,1331.04641013494,0.000670991597560598
SW_014,oeh1,9,2507,65,short,571.007235899958,1575.03623707001,0.00409267984766174
SW_014,9:,3,2511,65,long,492.192456771984,1386.11187320749,0.00838515032603266
SW_014,9,1,2519,35,short,580.374927047682,1286.93524208402,0.00263529686338776
SW_014,9,3,2521,35,short,520.820602826339,1373.61825122939,0.000515981823573933
SW_014,9,4,2522,50,short,557.515639814474,1338.93234556829,0.00524370373755677
SW_014,9,4,2522,65,short,510.767717601533,1464.57232985955,0.00749277695363398
SW_015,ah1,1,2539,35,short,506.967804743937,980.759897516968,9.42672833532264e-06
SW_015,ee1,8,2556,35,long,321.390902735425,1067.17943866433,0.00265589288273876
SW_015,eh1,18,2666,35,short,451.541528992742,729.215683989853,3.54325476995551e-07
SW_015,eh1,20,2668,65,short,508.280373186862,1481.63030702564,0.00988010498711575
SW_015,ii1,6,2574,65,long,311.202652363827,1745.94211505138,0.00254888266961672
SW_015,ii1,9,2577,65,long,357.29728689126,1186.21870092513,0.00271613053782653
SW_015,ih1,1,2579,65,short,366.55146274616,930.376169451948,0.00164175614804323
SW_015,ih1,2,2580,65,short,333.179539382785,1801.59962793141,0.00687805067650464
SW_015,ih1,9,2587,50,short,359.750564352951,1060.96368203671,0.00228298571064445
SW_015,uu1,6,2614,65,long,387.341579969723,1670.30161214165,0.000720618084631372
SW_015,uu1,10,2618,65,long,379.546383344467,1858.30544184999,0.00912507891780738
SW_015,uh1,9,2627,50,short,395.267001804875,1374.25613741567,0.00814350794740332
SW_015,yy1,2,2630,35,long,309.865436743737,2148.65341566322,0.00269841184989515
SW_015,yy1,8,2636,35,long,356.59215471017,1903.29597755537,0.0063357361550894
SW_015,yh1,7,2645,65,short,348.968507608634,1982.76672406151,6.42619269973467e-07
SW_015,ae1,4,2652,50,long,774.488323575314,1115.21808744951,0.000516372149300233
SW_015,ae1,9,2657,65,long,643.424869352214,1399.27199053038,0.00542635810571866
SW_015,ae1,10,2658,50,long,753.940709868606,1144.5706818869,0.000874521554319842
SW_015,{:,4,2672,35,long,795.561644249052,1151.51596192825,0.00650433784461198
SW_015,{:,5,2673,50,long,903.761552802382,1052.37575360005,0.0021046558167714
SW_015,{:,9,2677,50,long,447.2306199746,1129.29928501641,1.51286736535097e-05
SW_015,{,1,2679,65,short,614.380001042732,1108.68985715024,0.00145454013900692
SW_015,{,7,2685,50,short,570.223370690081,1168.10148927707,0.000827911416266767
SW_015,oa1,3,2691,50,long,280.755993516895,534.728051771426,0.000124191157931525
SW_015,oe1,4,2712,50,long,660.589654380913,1527.92577203294,0.00329842514579693
SW_015,oe1,9,2717,50,long,626.208914810392,1611.41081414281,0.0049737467378128
SW_015,oe1,10,2718,50,long,637.57455128474,1579.87022683591,0.00826171241093102
SW_015,oe1,10,2718,65,long,693.828902883948,1498.41688141187,0.00123863351501392
SW_015,oeh1,7,2725,65,short,525.326362671946,1621.52692980284,0.00292959824384499
SW_015,oeh1,9,2727,65,short,482.355919271602,1711.93984486384,0.00629913691590406
SW_015,9:,9,2737,50,long,647.873585648387,1460.63658831647,0.00530449889929512
SW_015,9,6,2744,35,short,573.930056610736,1475.96613345798,0.00285371133276297
SW_015,9,7,2745,50,short,526.24071927318,1517.94596984594,0.00509348218612876
SW_015,9,7,2745,65,short,487.030979899388,1588.78681819537,0.00946694660755176
SW_015,9,10,2748,35,short,546.506151985421,1511.46919162059,0.00837381576602832
SW_016,aa1,8,2756,35,long,586.469936386914,947.571419934409,0.00357396151180978
SW_016,ee1,2,2770,35,long,380.679999344331,2647.14232182678,0.00899774974449222
SW_016,ee1,5,2773,65,long,495.964244254013,2159.72496608478,0.00589983211367331
SW_016,ee1,8,2776,65,long,450.125238355902,2223.14311448246,0.00143463285737374
SW_016,ee1,9,2777,65,long,507.35416258694,2140.60736532685,0.00644943082460657
SW_016,eh1,5,2783,35,short,564.024154754698,1836.71575742432,0.00987144240944584
SW_016,eh1,9,2787,35,short,500.294854572683,1965.97037935524,0.00135366387198884
SW_016,eh1,9,2787,65,short,537.448182406031,1863.48154253815,0.00476085769881586
SW_016,eh1,19,2886,35,short,570.30713324566,1775.81129604719,0.00119138521279373
SW_016,ih1,1,2799,35,short,404.540204649383,2430.69168366329,0.00721460103477199
SW_016,oo1,2,2810,65,long,330.64459286398,482.572466586559,0.0051474659387697
SW_016,yy1,9,2856,35,long,386.910894247727,1658.04735189475,0.00499830894302587
SW_016,yy1,9,2856,65,long,365.304734874221,1640.9219519698,0.000283320272634776
SW_016,yh1,8,2865,65,short,359.739211108953,2254.61781112237,0.00868484070508918
SW_016,ae1,2,2869,65,long,597.411936384245,1577.67957914022,6.34788858013157e-05
SW_016,ae1,9,2876,65,long,724.044780259657,1561.48613899298,0.00947512989695588
SW_016,{:,8,2895,35,long,714.088428092434,1496.10228230712,0.00543416913645943
SW_016,{:,9,2896,65,long,582.114528934931,1606.40080065423,0.00309167980514344
SW_016,{,2,2898,35,short,775.302709675901,1601.43232638445,0.00767192488687664
SW_016,oah1,5,2921,35,short,428.424381036252,771.369970629826,0.000404296667963281
SW_016,oah1,5,2921,50,short,464.169457571707,738.303793617705,0.00222229595350356
SW_016,oe1,1,2927,65,long,631.423029801502,1423.38310529221,0.00799787888011938
SW_016,oe1,4,2930,65,long,545.493358220527,1440.57400512493,0.00867646467565611
SW_016,oe1,8,2934,65,long,532.854863272769,1445.99647964381,0.00659407616751903
SW_016,oeh1,3,2939,65,short,487.533209914316,1577.67166898403,0.00445183125591374
SW_016,9,4,2960,35,short,549.469957596703,1200.16627059285,0.00675080347167289
SW_016,9,4,2960,50,short,536.036831264187,1218.20955728089,0.00464418298813075
SW_016,9,7,2963,65,short,484.929897395274,1453.00499624397,0.00747877715553046
SW_016,9,8,2964,50,short,518.661720850886,1291.65906131499,0.009045366925009
SW_016,9,8,2964,65,short,485.986417688836,1372.84397984332,0.0019541016317964
SW_017,ah1,8,2984,50,short,743.897496510124,1124.64198926706,0.00139506368097385
SW_017,ah1,8,2984,65,short,765.044058516518,1128.01082955656,0.00189313805952882
SW_017,ee1,4,2990,65,long,449.513066679807,2081.23423004573,0.00736798409848481
SW_017,ee1,5,2991,65,long,440.006740698229,2047.64203161022,0.00109720228071727
SW_017,ee1,6,2992,35,long,399.408395045707,2694.82031770074,0.00841623258044857
SW_017,ee1,7,2993,65,long,452.927319345353,1912.42987841828,0.000751140106741047
SW_017,ee1,9,2995,65,long,468.701412028413,1851.17332937491,0.00232343613597836
SW_017,eh1,6,3002,65,short,559.335448938493,1772.74888138982,0.00657429692721172
SW_017,eh1,7,3003,35,short,555.418721287034,1767.49337266135,0.00462019784059968
SW_017,eh1,7,3003,65,short,538.073146923368,1778.0455728365,0.00197731531876088
SW_017,eh1,8,3004,65,short,515.892895773342,1781.24035678981,0.00036666428416223
SW_017,eh1,9,3005,35,short,514.870920572165,2036.17277266128,0.00257179439866638
SW_017,eh1,18,3104,65,short,590.162558616193,1696.51854318013,0.00223281402725932
SW_017,ii1,6,3012,65,long,365.297558482309,2020.08242224502,0.000375278837918271
SW_017,ii1,9,3015,65,long,384.384786166154,1996.20719137696,0.0024451835396484
SW_017,ii1,10,3016,65,long,385.735722721754,2023.25197651197,0.00479417021549873
SW_017,ih1,4,3020,35,short,437.236904805222,695.144266847211,2.1898989168044e-05
SW_017,ih1,5,3021,50,short,427.178398547659,1340.55567736029,0.00265207019519549
SW_017,ih1,6,3022,50,short,407.832612377689,1988.71232847939,0.00285617171613229
SW_017,ih1,6,3022,65,short,407.876339001111,2403.16024098828,0.00969093187424501
SW_017,oo1,2,3028,35,long,255.544861595739,462.947277529673,3.74591972086564e-05
SW_017,oh1,3,3039,35,short,407.332340413666,462.315656361516,0.00115205001887339
SW_017,oh1,4,3040,35,short,395.533588302738,752.7227120616,0.000619368784218767
SW_017,uu1,1,3047,65,long,291.273067921691,1672.6924095558,0.00127323758819116
SW_017,uu1,2,3048,65,long,311.213458756024,1687.98449547512,0.00520457106359979
SW_017,uh1,1,3057,35,short,505.140907692144,1428.26093258781,0.993803871145993
SW_017,yy1,5,3071,50,long,378.159053640341,2146.79063542448,0.00101669603352649
SW_017,yy1,8,3074,50,long,414.55694731926,1923.49921244295,0.00452143791716476
SW_017,yy1,8,3074,65,long,413.468304990604,1914.45953954645,0.00282109779031713
SW_017,yh1,4,3080,35,short,396.666806503537,2359.71093718744,0.0047851976106227
SW_017,ae1,1,3087,35,long,704.137355758921,1779.20522198541,0.00336335582621859
SW_017,ae1,1,3087,50,long,710.961005489305,1783.19065884663,0.00530923473104557
SW_017,ae1,6,3092,35,long,802.637234921229,1371.9946011025,9.61988554460892e-05
SW_017,ae1,7,3093,65,long,796.77796230514,1485.16478767315,0.00334133657165863
SW_017,{:,1,3107,65,long,907.98901991897,996.342679158686,3.23468494550607e-07
SW_017,{,7,3123,35,short,389.023832104513,919.018699857436,0.00219448598960111
SW_017,{,8,3124,65,short,532.603147532943,742.424370312977,0.00275436162008014
SW_017,{,9,3125,35,short,238.36997466784,1001.31210638637,0.000181418736121321
SW_017,oa1,4,3130,65,long,619.726287558599,1263.4038660706,0.99256628586153
SW_017,oah1,7,3143,35,short,455.336962373993,857.771326572209,0.00483464478449769
SW_017,oe1,1,3147,65,long,585.249728916995,1243.52513236514,0.00371838246619517
SW_017,oe1,12,3170,35,long,612.311250363864,1223.55344137542,0.00547531847019011
SW_017,oe1,12,3170,50,long,587.337643350563,1261.08720197413,0.00683938781120292
SW_017,oeh1,3,3159,65,short,569.01044850696,1497.7013136852,0.007253541270056
SW_017,oeh1,4,3160,50,short,462.497092510407,1584.6868395969,0.00955326004982048
SW_017,oeh1,4,3160,65,short,448.396253367631,1583.11643595927,0.00432219669930155
SW_017,oeh1,5,3161,65,short,474.592239657248,1550.62215811806,0.00464888180918329
SW_017,9,3,3179,35,short,450.790658394016,1121.85983528725,0.00504618542343997
SW_018,aa1,4,3190,50,long,541.134264038117,901.687342551563,0.0013698925425725
SW_018,ah1,9,3205,65,short,714.60212486901,1213.64231316954,8.23135004428666e-05
SW_018,ee1,3,3209,50,long,410.566762760453,1761.83851008589,0.00270252004646123
SW_018,ee1,7,3213,35,long,364.656286162898,2054.12206514845,0.00259424991529876
SW_018,ee1,8,3214,35,long,387.161270419577,1985.2830600304,0.00494582941316963
SW_018,ee1,8,3214,50,long,412.64860313354,1374.8725719846,8.38387101154084e-05
SW_018,eh1,11,3317,35,short,945.476991209511,1736.27404397184,0.00116777984331318
SW_018,eh1,11,3317,50,short,915.332624225008,1794.20662065652,0.00450644002764469
SW_018,eh1,11,3317,65,short,900.694781617436,1743.28825715365,0.00136197857098585
SW_018,eh1,15,3321,65,short,495.684611628031,2083.81201391494,0.00503845646772389
SW_018,eh1,20,3326,65,short,568.12432568368,1905.98808025268,0.00158512732539584
SW_018,ii1,5,3231,65,long,311.244734931828,2166.64604569882,0.0062237150800507
SW_018,ii1,6,3232,50,long,292.147162459286,1953.71954269965,5.79728554207984e-05
SW_018,ii1,6,3232,65,long,265.309172976079,2497.25277366622,0.00252671236032171
SW_018,ih1,4,3240,65,short,323.103703422003,2821.15571855543,0.00776638666482599
SW_018,ih1,5,3241,65,short,321.621687505855,2752.64639794641,0.0027790646323366
SW_018,ih1,7,3243,35,short,383.102259038168,2445.16329953417,0.00212441949270344
SW_018,ih1,7,3243,50,short,354.532779776454,2464.72642200226,0.000597993907941678
SW_018,oo1,5,3251,50,long,329.469606403571,541.159507692414,0.00811331286937941
SW_018,oh1,10,3266,35,short,450.88176097927,784.973640473454,0.00969523554887721
SW_018,oh1,10,3266,50,short,435.571880043371,723.493399712857,0.000940764010381086
SW_018,oh1,10,3266,65,short,419.471586688558,781.25752974646,0.00246808878121936
SW_018,uu1,8,3274,65,long,218.439316861931,1706.680570259,7.64816975245234e-05
SW_018,uh1,6,3282,65,short,380.381492782708,1198.38117624877,0.00950848176227536
SW_018,yh1,8,3304,65,short,367.366776614032,2090.7174957773,0.000123446410365111
SW_018,{:,1,3327,65,long,768.746012919376,1584.66216599566,0.000739963541010218
SW_018,{:,5,3331,50,long,851.61910472306,1505.35169572516,0.00745209624988064
SW_018,{:,8,3334,35,long,889.517548329659,1466.53391543236,0.00420035948298746
SW_018,{,2,3338,50,short,697.454863858705,1828.07482235768,0.00432500397340777
SW_018,{,2,3338,65,short,649.610205944762,1927.81718119768,0.00546441919545488
SW_018,oah1,4,3360,50,short,458.054781994673,715.207317179045,7.72211102102581e-05
SW_018,oe1,5,3371,65,long,561.059033302331,1283.99613593833,0.0045736463984695
SW_018,oeh1,1,3377,65,short,483.632609614614,1671.01356586173,0.0080932059904675
SW_018,oeh1,3,3379,65,short,527.640581051517,1476.38049472411,0.00192116916170302
SW_018,oeh1,11,3398,35,short,603.332147073169,1414.19466606055,0.00331073880698509
SW_018,9:,9,3395,35,long,652.625824209767,1216.89031210647,0.00597864491088425
SW_018,9:,9,3395,50,long,660.666280537396,1218.0791323643,0.00828422620025081
SW_019,aa1,9,3415,65,long,488.532468899475,933.268317331704,0.00101117320420146
SW_019,ee1,2,3428,35,long,333.007529822848,2369.63662242505,2.5340135799561e-06
SW_019,ee1,3,3429,65,long,544.754984360629,2138.25538477233,0.00323940232870197
SW_019,ee1,4,3430,50,long,290.998736857289,2665.47124382794,0.00294707812893118
SW_019,ee1,10,3436,65,long,510.636677751604,2211.54900210187,0.00597495320528605
SW_019,eh1,4,3440,65,short,600.146006837126,1473.14163597369,1.32220352947717e-06
SW_019,eh1,6,3442,65,short,624.185841538336,1718.52385662181,0.000393589116384612
SW_019,ii1,2,3448,65,long,366.337168951763,1958.93914078729,0.00515855951664506
SW_019,ih1,7,3463,35,short,362.804288539942,2374.0063072403,9.40551895439972e-06
SW_019,ih1,8,3464,65,short,325.207872855894,2653.50666221649,0.00416754986332815
SW_019,oh1,2,3478,65,short,343.772514163265,786.334045169862,0.00148272312329744
SW_019,oh1,5,3481,50,short,416.18255711612,694.045337169359,0.00840751317754516
SW_019,uu1,2,3488,65,long,330.134231581849,1503.91921026534,0.00648353163422147
SW_019,uu1,3,3489,65,long,257.33249655879,1639.84570334206,0.0081220439899608
SW_019,uu1,6,3492,65,long,236.281301208274,1693.61096799219,0.0025206139850245
SW_019,yy1,4,3510,65,long,310.711901907953,1848.24168259504,0.00976425202854302
SW_019,yh1,1,3517,65,short,264.81543441306,2395.07395335295,5.13655115149841e-05
SW_019,ae1,5,3531,65,long,752.370608529197,1666.09360609077,0.00622041682895338
SW_019,ae1,10,3536,65,long,767.339657637803,1529.8700020003,0.00321553794701086
SW_019,{:,10,3556,65,long,768.096305865002,1762.37876772398,0.00983749938797366
SW_019,{,4,3560,35,short,978.264408840736,1686.60703916652,0.00494823738509715
SW_019,{,8,3564,35,short,960.348762882893,1680.60443466497,0.00198916163841262
SW_019,oe1,6,3592,65,long,620.690025585292,1215.13473793822,0.00480157190621431
SW_019,oeh1,1,3597,35,short,610.914434216456,1578.1672184941,0.00791848325226524
SW_019,oeh1,1,3597,50,short,597.767956076346,1555.12814383746,0.00292277176800054
SW_019,9:,3,3609,50,long,572.805696930169,1221.52346433401,0.000784558192731132
SW_019,9:,3,3609,65,long,517.304538445487,1369.41563365769,0.00459073867861572
SW_019,9:,8,3614,50,long,636.915866970106,1197.60921573088,0.00357981159231803
SW_019,9,4,3620,50,short,530.059486017161,1358.90134134004,0.00967217829509151
SW_019,9,10,3626,50,short,508.780339076687,1358.60794469273,0.00129668972231077
SW_019,9,10,3626,65,short,466.916557197442,1514.67291665867,0.00164877663394827
SW_020,aa1,6,3632,35,long,712.999422140135,866.684798326691,0.00348428820062446
SW_020,eh1,1,3657,35,short,687.828679597306,765.416203014021,0.00522834378400411
SW_020,eh1,11,3758,35,short,642.439009074,857.721303949886,0.00686435796800391
SW_020,ii1,2,3668,35,long,325.538125835175,605.971166099102,0.00102355374297208
SW_020,ih1,4,3680,50,short,287.889489173821,955.39387126481,0.000933544852604276
SW_020,ih1,6,3682,65,short,307.936973640689,1218.98491231855,0.00934388035696292
SW_020,oo1,10,3696,65,long,246.800468992743,1006.52931992022,0.000179443940629643
SW_020,oh1,8,3704,35,short,383.58552732502,430.513046632821,0.00496240894524466
SW_020,uu1,9,3716,65,long,326.728345208951,1638.28598118073,0.00948614427896152
SW_020,uh1,2,3719,35,short,413.809895557334,1283.07629547286,0.0081668255065397
SW_020,uh1,3,3720,65,short,363.7548648134,1362.4973771207,0.0027293086002972
SW_020,yy1,3,3730,35,long,371.551756989259,1486.24165671548,5.92124361907126e-07
SW_020,yh1,3,3740,65,short,278.859350427057,2054.29023560511,0.000441302363538009
SW_020,yh1,9,3746,35,short,384.98708896051,1620.53340278563,0.00138137943072841
SW_020,yh1,9,3746,50,short,393.737958090467,1638.88286782045,0.00204007306186383
SW_020,yh1,10,3747,50,short,382.6631673673,1782.67980945801,0.00645304927739631
SW_020,ae1,1,3748,65,long,940.35708839824,1549.78180211241,0.00662846774703618
SW_020,ae1,9,3756,65,long,815.784704261329,1564.27213058101,0.00284824373851532
SW_020,{:,8,3775,50,long,836.870743188237,1537.98929134927,0.00572197146302915
SW_020,{:,8,3775,65,long,656.105503054888,1712.00482913152,0.000677755770288714
SW_020,{:,10,3777,35,long,886.602817507115,1453.05236060762,0.00162435725117146
SW_020,{,1,3778,65,short,532.418759959256,917.734314731531,0.000746279320635622
SW_020,{,7,3784,65,short,608.627266087881,898.058112685871,0.0055080371595637
SW_020,oah1,4,3801,65,short,415.660466909568,911.020106374997,0.00995514439736725
SW_020,oah1,7,3804,35,short,435.781012477983,853.343125215058,0.00312986316915089
SW_020,oah1,7,3804,50,short,456.762980117718,841.976125440353,0.00782820891556983
SW_020,oah1,9,3806,65,short,434.780856302337,864.467222683306,0.00581526408828021
SW_020,oe1,4,3811,65,long,663.980578094302,1510.00584695514,0.00620467485445299
SW_020,oeh1,1,3818,35,short,456.89982516799,1572.75033218474,1.82823901079114e-05
SW_020,9:,2,3829,35,long,721.043283298919,1328.77283551689,0.00366029356901016
SW_020,9:,2,3829,65,long,472.449904842268,1636.52067389262,0.00147473444951621
SW_020,9:,7,3834,65,long,500.007057388752,1538.63303724947,0.000415674729713386
SW_020,9:,8,3835,65,long,495.456145269262,1644.48481246924,0.00441242932885176
SW_020,9,10,3847,65,short,482.339848102756,1792.38059948246,0.00145986043272446
SW_021,ah1,1,3860,65,short,747.149596764442,1144.3815967221,0.00230781504924429
SW_021,ee1,1,3870,35,long,309.623102899415,3041.49628850662,0.00662398636881168
SW_021,ee1,5,3874,35,long,309.081306780556,2572.61543911037,0.000362687680157324
SW_021,ee1,7,3876,35,long,424.766998489317,2212.22133260672,0.00816575616962954
SW_021,ee1,10,3879,35,long,409.520054879548,2268.80004197425,0.00803456841380327
SW_021,eh1,2,3881,50,short,706.383147385945,1545.23556731332,0.00204130684037402
SW_021,eh1,7,3886,65,short,658.512516123495,1652.38995529405,0.00445717041429635
SW_021,eh1,16,3986,35,short,739.680023248012,1581.87222449907,0.00606799151070754
SW_021,eh1,17,3987,65,short,669.243679853321,1487.6772138649,0.000233152773476051
SW_021,ii1,1,3890,50,long,333.182038657882,1596.31239631785,0.00761309024566527
SW_021,ii1,2,3891,50,long,273.623319160177,2007.46156839419,0.00896578988814808
SW_021,ii1,3,3892,35,long,392.704087312228,1462.0650171647,0.00292150438560684
SW_021,ii1,4,3893,35,long,331.982887471072,1346.58475364591,0.000226992658343665
SW_021,ih1,9,3908,35,short,378.229642261568,2362.24855340235,0.00487907172563529
SW_021,ih1,9,3908,50,short,367.139659867384,2394.26037719875,0.00640460707310785
SW_021,ih1,10,3909,65,short,320.977819806106,2597.39945988499,0.00352611471365815
SW_021,uu1,1,3931,50,long,318.683183922505,1714.56873714462,0.00634009484269371
SW_021,uh1,3,3943,35,short,460.687073966333,1001.55380834661,0.000207872283687006
SW_021,uh1,3,3943,50,short,464.843542371896,1035.03633880412,0.00317803337874077
SW_021,uh1,9,3949,65,short,387.748249541134,1200.51006335903,0.00276884409282008
SW_021,uh1,10,3950,65,short,405.505690941021,1160.19401102683,0.00819646028796934
SW_021,yy1,10,3960,50,long,313.272567251795,1853.71095178271,0.00407347788403266
SW_021,yy1,10,3960,65,long,326.995244233989,1838.58739604532,0.0070352700451347
SW_021,yh1,2,3962,35,short,352.216278703317,2542.46689252992,0.0058122992874746
SW_021,yh1,4,3964,65,short,365.209908616068,2495.46869980004,0.00420566989968776
SW_021,yh1,6,3966,35,short,436.770063707628,2348.94679893491,0.000529236172560146
SW_021,yh1,9,3969,65,short,357.744926408455,2502.72936217024,0.00256511323690999
SW_021,ae1,2,3972,65,long,790.306541984891,1614.15629836309,0.000411146596740131
SW_021,ae1,9,3979,35,long,746.829335359894,1943.48077091581,0.00186790806140496
SW_021,ae1,10,3980,65,long,817.991449261835,1631.15308033703,0.00436900923444696
SW_021,{,5,4005,35,short,886.298400433262,1520.02592106175,0.00639942635665735
SW_021,{,7,4007,35,short,844.440227454147,1554.92359101902,0.00516679934774484
SW_021,{,8,4008,35,short,856.247962576394,1529.51268672056,0.00191146504658922
SW_021,{,8,4008,65,short,705.178043999965,1730.24005479505,0.00116566365693925
SW_021,oa1,6,4016,35,long,313.558126301591,500.926221089687,0.000525008863709616
SW_021,oah1,7,4027,65,short,430.481846465308,831.370133438743,0.00728459497374507
SW_021,oah1,8,4028,50,short,505.501956131653,732.656636209204,0.00289529182216933
SW_021,oeh1,1,4041,65,short,571.410567975707,1656.50123157518,0.00918671904914983
SW_021,9:,2,4052,35,long,569.33062590281,1114.45748246097,0.00187745038425379
SW_021,9:,5,4055,35,long,608.00172942276,1034.25034122603,0.00638150301839955
SW_022,aa1,6,4076,65,long,945.171122276004,2705.3703990316,0.999999497488653
SW_022,ah1,6,4086,65,short,489.197864574995,1099.42365606813,0.00877194929817873
SW_022,ee1,2,4092,65,long,566.916612382788,1925.38531574352,0.00332986632942933
SW_022,ee1,4,4094,50,long,318.736608280425,2668.64797325915,0.00144198193203102
SW_022,ee1,5,4095,50,long,303.285910536905,2834.52096886864,0.00821457647582396
SW_022,ee1,7,4097,50,long,313.743262278309,2758.80144759965,0.00539475438410424
SW_022,ee1,8,4098,50,long,296.906031986232,2677.86379558618,0.000188951599010057
SW_022,ee1,8,4098,65,long,452.4391554589,2243.18648903131,0.00637644179467549
SW_022,eh1,12,4202,65,short,558.85181557865,1521.58057924364,0.00944261704115538
SW_022,eh1,13,4203,35,short,461.961657255434,1760.15465025985,0.00135038060742969
SW_022,ii1,3,4113,65,long,216.647135162068,1890.9575462837,0.000175652865209703
SW_022,ii1,9,4119,35,long,346.848250162134,663.688028407415,3.04387769367622e-05
SW_022,ii1,10,4120,35,long,345.513590720999,907.162967545335,0.00053879834202944
SW_022,ih1,2,4122,50,short,305.787728340032,2723.7394226005,0.000133464665259771
SW_022,ih1,9,4129,65,short,353.914959361589,2097.1675756332,4.90402433301078e-07
SW_022,ih1,10,4130,35,short,319.571464143137,2740.62600677421,0.00495646599312486
SW_022,oo1,2,4132,65,long,258.35958567141,2203.63730347838,0.00951661866220987
SW_022,oo1,10,4140,65,long,239.955484192874,1253.33811990865,0.00106269809684675
SW_022,oh1,3,4143,50,short,325.905538709233,734.742502157597,0.00156714154173757
SW_022,uu1,4,4154,65,long,207.737653503536,1615.70793652532,0.0032749689316111
SW_022,uh1,5,4165,35,short,394.75669897795,1146.19772256796,0.00234990480142155
SW_022,uh1,5,4165,50,short,371.607633027131,1208.5790125553,0.00589481668166052
SW_022,yy1,10,4180,65,long,249.058743490599,2019.2554341652,8.68476797092004e-05
SW_022,yh1,8,4188,50,short,318.306472453796,2291.26740250547,0.000596964267934106
SW_022,yh1,8,4188,65,short,414.124037246448,2067.21639156655,0.000459284725264805
SW_022,ae1,7,4197,65,long,592.1377560256,1484.32088989184,0.00276689723405412
SW_022,ae1,8,4198,65,long,560.74160559965,1626.02371591281,0.00565943709126444
SW_022,{:,5,4215,50,long,626.074170660554,1347.72437659547,0.0094926297744925
SW_022,{,6,4226,50,short,609.093698390692,1419.56171273808,0.00101925326348892
SW_022,{,10,4230,65,short,460.039318700797,1638.4594404456,0.0053982994888786
SW_022,oah1,1,4241,50,short,439.497399260147,835.580012573694,0.00856575769942102
SW_022,oah1,3,4243,65,short,385.248225640387,935.013787472475,0.00479323023592513
SW_022,oah1,6,4246,50,short,430.628334273235,831.448005547223,0.00409404889237139
SW_022,oah1,6,4246,65,short,406.741455618743,861.133884954119,0.00469072027872053
SW_022,oe1,7,4257,65,long,511.185345721811,1247.23659922036,0.0077601323824996
SW_022,oe1,8,4258,65,long,495.524089376603,1268.57898212018,0.0055893706914702
SW_022,oeh1,4,4264,65,short,488.10082585124,1396.47599314137,0.00274283686409668
SW_022,oeh1,10,4270,65,short,531.261538894723,1256.03390770375,0.00338053627468976
SW_022,9,7,4287,35,short,473.861484025266,1117.66802237639,0.00785025894631538
SW_023,ee1,2,4312,35,long,395.649597864607,1813.3266414023,1.91377496288323e-06
SW_023,eh1,10,4330,35,short,495.252896729928,1199.4562719085,0.00433339616987668
SW_023,eh1,18,4427,35,short,608.391624500907,955.103392744313,0.00216163540000391
SW_023,eh1,19,4428,50,short,385.659893082461,677.504785952731,1.15043450206613e-05
SW_023,ii1,1,4331,65,long,395.15478527972,1916.90616161691,0.00895647511897302
SW_023,ii1,5,4335,35,long,498.831911812392,1370.28569235732,4.65140351939115e-07
SW_023,ih1,1,4341,35,short,438.882075262769,1885.472868629,0.000395278973492456
SW_023,ih1,1,4341,65,short,399.285309522828,2067.79033156206,0.00204061692515326
SW_023,ih1,7,4347,65,short,377.720138386709,2146.06941685199,0.00131476712198851
SW_023,oo1,1,4351,50,long,409.047033869179,881.02473332153,0.00934813144270376
SW_023,oh1,8,4368,35,short,497.617689488769,786.954723532049,0.00165130999887247
SW_023,yy1,1,4390,35,long,442.486274235176,1705.99573097561,0.000882638927287015
SW_023,yy1,2,4391,65,long,365.943822022229,1798.46813650649,0.00742566102035146
SW_023,yh1,2,4401,65,short,374.113771488424,2240.68080185271,8.54091479998092e-05
SW_023,ae1,1,4410,65,long,784.207232302274,953.773306729929,8.93025020081786e-07
SW_023,ae1,6,4415,65,long,535.558726130232,1844.21415780066,0.00713213804551902
SW_023,{:,3,4432,65,long,678.249400544862,1700.18290307016,0.00717101258035447
SW_023,{:,5,4434,50,long,750.448755561656,1182.93198188926,0.00140734880050646
SW_023,{:,5,4434,65,long,712.678590252712,1260.88450350616,0.000915069134133422
SW_023,{,5,4443,35,short,709.082368268448,1608.53271513707,0.00974330624837536
SW_023,{,10,4448,65,short,543.836572285233,1637.13106492602,0.00247202260895229
SW_023,oah1,1,4459,35,short,414.341846260774,879.487466185414,0.00697415728428479
SW_023,9:,4,4491,50,long,597.753972216645,1322.89376493503,0.00219319881986054
SW_023,9,4,4501,35,short,547.659282505971,1293.97061829506,0.00644394379770169
SW_023,9,4,4501,65,short,376.984340139931,1599.8643283999,0.009239255296993
SW_024,aa1,2,4509,65,long,622.974054163286,994.534201212363,0.0028983553500911
SW_024,aa1,5,4512,35,long,840.37849814218,925.811154718648,0.00948397310124696
SW_024,aa1,8,4515,65,long,639.024739084546,986.75854347957,0.00413846720258812
SW_024,ah1,7,4524,65,short,737.028008805883,1246.55806467615,0.00175861247546389
SW_024,ee1,1,4528,50,long,366.011137995685,2760.31603750431,0.0068021938127771
SW_024,ee1,1,4528,65,long,460.106326787598,2347.17879981448,0.00339607092636419
SW_024,ee1,3,4530,65,long,612.695161053447,1922.60038186122,0.00653441681719025
SW_024,ee1,6,4533,50,long,411.365831640942,2555.19701751626,0.00543807395202706
SW_024,ee1,7,4534,50,long,410.353709545176,2579.93978118477,0.00794274048208754
SW_024,ee1,9,4536,65,long,482.768344234458,2268.4793702945,0.00348470516614292
SW_024,ee1,10,4537,35,long,399.352414389071,2467.82238634708,0.000233782132077889
SW_024,eh1,4,4541,65,short,610.571876268142,2046.40944612582,0.00688131650582904
SW_024,eh1,10,4547,65,short,628.536954266696,1995.99456376819,0.00597201589073815
SW_024,eh1,11,4641,65,short,738.394618762344,1791.09966037591,0.00256279028420081
SW_024,eh1,13,4643,65,short,750.94940914068,1796.29677979655,0.00420235586054444
SW_024,eh1,17,4647,65,short,733.844710409682,1845.27237191063,0.00898783281002179
SW_024,eh1,18,4648,65,short,726.26860826429,1844.57420984226,0.00715140328467465
SW_024,ih1,4,4561,65,short,385.835098568184,2616.84173993918,0.00480200958815927
SW_024,ih1,9,4566,65,short,392.282307393683,2603.3632071271,0.00748876902417998
SW_024,oh1,9,4589,50,short,477.386461580655,840.978591564629,0.00305412647667286
SW_024,uu1,1,4591,65,long,284.114432442399,1656.61047113041,0.00246685234455615
SW_024,yy1,6,4616,65,long,321.439211623739,1876.62950301804,0.00614373393034822
SW_024,yh1,5,4625,65,short,428.592077559985,2313.66700908838,0.00756357206297259
SW_024,yh1,6,4626,35,short,415.396188025978,2310.13536483337,0.00178188765135596
SW_024,yh1,7,4627,35,short,367.268268282427,2427.18234349034,0.000396743933589089
SW_024,yh1,9,4629,35,short,375.824244292913,2435.83991873827,0.00254706620854211
SW_024,{:,8,4658,65,long,848.794868263395,1544.63879891458,0.00064620832349787
SW_024,{,7,4667,65,short,820.230739685937,1730.11043102805,0.00269838120862595
SW_024,{,10,4670,50,short,922.899907306046,1691.8008178255,0.00273671400641867
SW_024,oa1,1,4671,35,long,235.584530896481,463.135546060733,0.00179207976149779
SW_024,oah1,8,4688,50,short,496.636842639739,843.678384331261,0.00141683639974256
SW_024,oe1,4,4694,65,long,662.540764186771,1372.09855022114,0.000685610127123209
SW_024,oe1,6,4696,65,long,715.345142665016,1325.67227275808,0.00655176433380106
SW_024,oe1,8,4698,65,long,703.594463113179,1325.93355369806,0.00390255543297011
SW_024,oeh1,4,4704,65,short,537.219559062186,1529.42841196887,0.000988330952927598
SW_024,oeh1,6,4706,65,short,552.689811370414,1576.22669533188,0.00763442511617929
SW_024,oeh1,8,4708,65,short,553.802316293279,1562.85806350326,0.00668133310465886
SW_024,9:,8,4718,65,long,655.565369678414,1253.0628820519,0.00911594833699489
SW_024,9:,10,4720,35,long,668.34210004541,1210.28507150121,0.00811579014984025
SW_024,9,6,4726,35,short,553.554065282893,1214.55556152217,0.00414986918862286
SW_024,9,8,4728,50,short,533.017333959587,1272.3881096457,0.0053971262444661
