Talker,Vowel,Token,Trial,Location,Quantity,F0,F1,F2,F3,Duration,cumulative_probability,outlier_source
SW_002,yh1,1,219,20,short,242.37,414.228162505841,2390.12411340908,2772.06101270712,0.117034562937988,0.992060680074139,F0_univariate
SW_002,yh1,1,219,35,short,242.37,438.3399647346,2349.69564709406,2639.83306280853,0.117034562937988,0.992060680074139,F0_univariate
SW_002,yh1,1,219,50,short,242.37,463.691014114966,2239.57993095432,2759.74766567446,0.117034562937988,0.992060680074139,F0_univariate
SW_002,yh1,1,219,65,short,242.37,461.164193540664,2245.33235149403,2830.59811716715,0.117034562937988,0.992060680074139,F0_univariate
SW_002,yh1,1,219,80,short,242.37,438.324366539474,2185.14144551118,2889.94242382495,0.117034562937988,0.992060680074139,F0_univariate
SW_002,oe1,6,294,20,long,207.2,667.891821058817,1663.90787104608,2785.39973104197,0.25,0.995135559720898,F0_univariate
SW_002,oe1,6,294,35,long,207.2,667.835838041333,1623.16110407418,2836.36462605407,0.25,0.995135559720898,F0_univariate
SW_002,oe1,6,294,50,long,207.2,660.688176951295,1562.59474064864,2859.1425883858,0.25,0.995135559720898,F0_univariate
SW_002,oe1,6,294,65,long,207.2,632.563806943481,1508.81545162487,2909.45579371219,0.25,0.995135559720898,F0_univariate
SW_002,oe1,6,294,80,long,207.2,628.82373928318,1470.7454751178,2959.57948659269,0.25,0.995135559720898,F0_univariate
SW_003,ah1,2,340,20,short,194.515,877.271830736415,1337.27560092257,3117.97795408561,0.119999999999997,0.00352127891769045,F0_univariate
SW_003,ah1,2,340,35,short,194.515,917.542600970757,1291.51959055217,3118.64897889329,0.119999999999997,0.00352127891769045,F0_univariate
SW_003,ah1,2,340,50,short,194.515,912.415403226315,1294.49401138187,3143.62859157117,0.119999999999997,0.00352127891769045,F0_univariate
SW_003,ah1,2,340,65,short,194.515,858.777402617544,1250.69804883656,3162.66281149255,0.119999999999997,0.00352127891769045,F0_univariate
SW_003,ah1,2,340,80,short,194.515,810.004125849114,1244.19839316309,3188.37433081156,0.119999999999997,0.00352127891769045,F0_univariate
SW_005,ah1,6,675,20,short,181.6136,930.738999387816,1321.37574905827,2850.14207091271,0.124556161824934,0.00917100531499803,F0_univariate
SW_005,ah1,6,675,35,short,181.6136,927.039353773524,1291.78878211288,2873.15761279192,0.124556161824934,0.00917100531499803,F0_univariate
SW_005,ah1,6,675,50,short,181.6136,873.919780788628,1313.22069796775,2940.66499547087,0.124556161824934,0.00917100531499803,F0_univariate
SW_005,ah1,6,675,65,short,181.6136,751.67594607298,1397.6251744557,3066.79195777189,0.124556161824934,0.00917100531499803,F0_univariate
SW_005,ah1,6,675,80,short,181.6136,699.516060812753,1388.16306518311,3206.1287937013,0.124556161824934,0.00917100531499803,F0_univariate
SW_005,ih1,1,710,20,short,245.998,370.317415424395,1675.56328506396,2872.2322473045,0.105350185044784,0.994550432716402,F0_univariate
SW_005,ih1,1,710,35,short,245.998,360.203668907899,2394.79301333621,2899.06519157438,0.105350185044784,0.994550432716402,F0_univariate
SW_005,ih1,1,710,50,short,245.998,381.534325175329,2326.45715592043,2855.44946692688,0.105350185044784,0.994550432716402,F0_univariate
SW_005,ih1,1,710,65,short,245.998,412.492186767781,1980.58790766453,2756.46227288691,0.105350185044784,0.994550432716402,F0_univariate
SW_005,ih1,1,710,80,short,245.998,431.280725806519,2026.76751604322,2555.31094900332,0.105350185044784,0.994550432716402,F0_univariate
SW_005,uh1,1,750,20,short,251.1205,461.033213229506,1259.12490311205,2892.10558002529,0.110716588288881,0.992507705071529,F0_univariate
SW_005,uh1,1,750,35,short,251.1205,472.574348430164,1367.53505195649,2939.97518373828,0.110716588288881,0.992507705071529,F0_univariate
SW_005,uh1,1,750,50,short,251.1205,476.416244459531,1486.27796697121,2908.96040232869,0.110716588288881,0.992507705071529,F0_univariate
SW_005,uh1,1,750,65,short,251.1205,477.459431902488,1551.46935431181,2998.10168677845,0.110716588288881,0.992507705071529,F0_univariate
SW_005,uh1,1,750,80,short,251.1205,470.303234117276,1595.36579781321,3035.64943381509,0.110716588288881,0.992507705071529,F0_univariate
SW_005,oah1,1,829,20,short,246.1713,703.663809797786,811.402641981492,3147.79851423026,0.139999999999986,0.995097300293373,F0_univariate
SW_005,oah1,1,829,35,short,246.1713,616.737101966893,858.970211730403,3235.07413089159,0.139999999999986,0.990632880740854,F0_univariate
SW_005,oah1,1,829,50,short,246.1713,579.600370032677,783.594633584865,3285.32682415342,0.139999999999986,0.990632880740854,F0_univariate
SW_005,oah1,1,829,65,short,246.1713,599.63381760353,859.952678096939,3284.05766960285,0.139999999999986,0.990632880740854,F0_univariate
SW_005,oah1,1,829,80,short,246.1713,528.269307215114,1002.32561780519,3291.95859702575,0.139999999999986,0.990632880740854,F0_univariate
SW_006,yh1,10,997,20,short,159.1403,396.190241535982,2275.84953687871,3046.64028694857,0.0982855902777828,1.24977075528168e-05,F0_univariate
SW_006,yh1,10,997,35,short,159.1403,393.615480078341,2168.06811025127,2745.91952800904,0.0982855902777828,0.00185408031605738,F0_univariate
SW_006,yh1,10,997,50,short,159.1403,399.481019213277,2186.45827963979,2736.85900526277,0.0982855902777828,0.00185408031605738,F0_univariate
SW_006,yh1,10,997,65,short,159.1403,394.916618003911,2169.48968731575,2783.98602968932,0.0982855902777828,0.00185408031605738,F0_univariate
SW_006,yh1,10,997,80,short,159.1403,362.857289022165,2114.9148369705,2747.61342203852,0.0982855902777828,0.00185408031605738,F0_univariate
SW_007,aa1,1,1098,20,long,214.8158,557.765045203703,970.519238896192,2354.52138658947,0.21,0.991120887156722,F0_univariate
SW_007,aa1,1,1098,35,long,214.8158,564.113178505387,1022.36535562876,2498.21815785228,0.21,0.991120887156722,F0_univariate
SW_007,aa1,1,1098,50,long,214.8158,535.689719805192,994.19758879482,2424.19398011439,0.21,0.991120887156722,F0_univariate
SW_007,aa1,1,1098,65,long,214.8158,467.031187440445,968.265104908059,2669.54483375563,0.21,0.991120887156722,F0_univariate
SW_007,aa1,1,1098,80,long,214.8158,410.723516967153,1027.91395759531,2712.62843923777,0.21,0.991120887156722,F0_univariate
SW_007,ee1,1,1118,20,long,193.674,345.624040011532,2557.20378125595,3087.91789663915,0.248662442513442,0.00621836662779437,F0_univariate
SW_007,ee1,1,1118,35,long,193.674,323.23482282015,2606.99134525473,3046.53950046373,0.248662442513442,0.00621836662779437,F0_univariate
SW_007,ee1,1,1118,50,long,193.674,357.001799889058,2601.30554144243,2835.55654796178,0.248662442513442,0.00621836662779437,F0_univariate
SW_007,ee1,1,1118,65,long,193.674,370.118856706789,2466.81885610752,2762.4657497376,0.248662442513442,0.00621836662779437,F0_univariate
SW_007,ee1,1,1118,80,long,193.674,487.511329972224,2143.40862381705,2647.40883731166,0.248662442513442,0.00621836662779437,F0_univariate
SW_007,oa1,5,1262,20,long,202.0395,428.471062598617,641.452441624797,2320.73866268427,0.298064758355565,0.00207245317486925,F0_univariate
SW_007,oa1,5,1262,35,long,202.0395,369.487596600039,500.723319215465,2347.44786370998,0.298064758355565,0.00207245317486925,F0_univariate
SW_007,oa1,5,1262,50,long,202.0395,413.79583199757,415.260470646178,2543.12650481006,0.298064758355565,0.00207245317486925,F0_univariate
SW_007,oa1,5,1262,65,long,202.0395,358.583631156057,576.115977495749,2801.63541498512,0.298064758355565,0.00207245317486925,F0_univariate
SW_007,oa1,5,1262,80,long,202.0395,471.846203713956,974.918353082656,2459.14707041149,0.298064758355565,0.00207245317486925,F0_univariate
SW_007,9:,1,1298,20,long,181.5065,455.492526800685,1150.81317954678,2518.99520916737,0.235680166911152,0.00680272002731874,F0_univariate
SW_007,9:,1,1298,35,long,181.5065,470.003356830479,1118.19277022639,2538.41740604646,0.235680166911152,0.00680272002731874,F0_univariate
SW_007,9:,1,1298,50,long,181.5065,426.584819069694,1186.35802929242,2797.31524730925,0.235680166911152,0.00680272002731874,F0_univariate
SW_007,9:,1,1298,65,long,181.5065,400.639625699692,1197.27673951364,2986.99186393891,0.235680166911152,0.00680272002731874,F0_univariate
SW_007,9:,1,1298,80,long,181.5065,441.466140753678,1259.70401721829,2644.77330827881,0.235680166911152,0.00680272002731874,F0_univariate
SW_007,9,6,1313,20,short,207.2372,434.52251887675,1302.91320485635,2445.73223182174,0.176322291829933,0.99709785194213,F0_univariate
SW_007,9,6,1313,35,short,207.2372,428.568122466541,1325.33160765039,2180.82321086727,0.176322291829933,0.99709785194213,F0_univariate
SW_007,9,6,1313,50,short,207.2372,439.834921652308,1275.48339757669,2541.67063939481,0.176322291829933,0.99709785194213,F0_univariate
SW_007,9,6,1313,65,short,207.2372,479.359822517303,1443.13064496313,2616.77552020213,0.176322291829933,0.99709785194213,F0_univariate
SW_007,9,6,1313,80,short,207.2372,482.363593463111,1620.11205288962,2771.87371243581,0.176322291829933,0.99709785194213,F0_univariate
SW_011,ah1,7,1663,20,short,153.91,933.522113615052,1467.05056399791,2486.54367780708,0.146549198188993,0.00872157482804703,F0_univariate
SW_011,ah1,7,1663,35,short,153.91,868.806051932968,1431.44266302982,2525.17426180213,0.146549198188993,0.00872157482804703,F0_univariate
SW_011,ah1,7,1663,50,short,153.91,834.002061593075,1427.9365977699,2610.33513497285,0.146549198188993,0.00872157482804703,F0_univariate
SW_011,ah1,7,1663,65,short,153.91,765.53080513818,1402.57445991156,2761.96291968871,0.146549198188993,0.00872157482804703,F0_univariate
SW_011,ah1,7,1663,80,short,153.91,609.034463678775,1349.73040695445,3041.41598389882,0.146549198188993,0.00872157482804703,F0_univariate
SW_011,ii1,3,1689,20,long,202.0692,382.081175567636,2339.17517591286,3446.91066886469,0.24316788768644,0.00951395679741846,F0_univariate
SW_011,ii1,3,1689,35,long,202.0692,370.651827397889,2270.65606805165,3344.93239763407,0.24316788768644,0.00951395679741846,F0_univariate
SW_011,ii1,3,1689,50,long,202.0692,339.312910633485,2252.32881963629,3481.28963222323,0.24316788768644,0.00951395679741846,F0_univariate
SW_011,ii1,3,1689,65,long,202.0692,345.175091012038,2275.14794683991,3490.84873687329,0.24316788768644,0.00951395679741846,F0_univariate
SW_011,ii1,3,1689,80,long,202.0692,347.630143325817,1933.80388495615,3227.80949979503,0.24316788768644,0.00951395679741846,F0_univariate
SW_011,oa1,5,1811,20,long,297.29,497.886427993046,655.526204066451,2970.37093490753,0.262322632749431,0.996529300989717,F0_univariate
SW_011,oa1,5,1811,35,long,297.29,424.653832488703,659.937319096467,2985.07054629783,0.262322632749431,0.996529300989717,F0_univariate
SW_011,oa1,5,1811,50,long,297.29,409.209106364023,629.117781630866,3006.68748250505,0.262322632749431,0.996529300989717,F0_univariate
SW_011,oa1,5,1811,65,long,297.29,478.904759904268,873.430283385478,3185.3048668549,0.262322632749431,0.996529300989717,F0_univariate
SW_011,oa1,5,1811,80,long,297.29,584.612955468283,1249.86742269228,3015.83948733676,0.262322632749431,0.996529300989717,F0_univariate
SW_012,ii1,5,1911,20,long,255.826,378.889664003906,2158.27131749265,3410.23557964098,0.327811107655293,0.992055719678681,F0_univariate
SW_012,ii1,5,1911,35,long,255.826,406.852257797668,2379.27655685049,3626.7226278272,0.327811107655293,0.992055719678681,F0_univariate
SW_012,ii1,5,1911,50,long,255.826,309.176086169557,2277.92380530113,3553.14293345639,0.327811107655293,0.992055719678681,F0_univariate
SW_012,ii1,5,1911,65,long,255.826,418.380708917776,2366.09658500587,3555.13906540382,0.327811107655293,0.992055719678681,F0_univariate
SW_012,ii1,5,1911,80,long,255.826,460.243092393476,2222.11970429952,3407.24539601348,0.327811107655293,0.992055719678681,F0_univariate
SW_012,uh1,1,1957,20,short,266.9952,412.464973463113,1261.65925415192,2614.91130231361,0.115340945286107,0.00550859890550643,F0_univariate
SW_012,uh1,1,1957,35,short,266.9952,432.895590041611,1308.86401228101,2708.47027794389,0.115340945286107,0.00550859890550643,F0_univariate
SW_012,uh1,1,1957,50,short,266.9952,439.795057486401,1367.04078858504,2738.58666690075,0.115340945286107,0.00550859890550643,F0_univariate
SW_012,uh1,1,1957,65,short,266.9952,465.286495256526,1371.70048891462,2736.97085527367,0.115340945286107,0.00550859890550643,F0_univariate
SW_012,uh1,1,1957,80,short,266.9952,466.92628022267,1467.49618067624,2802.58330793949,0.115340945286107,0.00550859890550643,F0_univariate
SW_013,{:,1,2225,20,long,194.83387,978.32984974204,1729.92683445763,2959.52050584435,0.24857928674794,0.0067278601638838,F0_univariate
SW_013,{:,1,2225,35,long,194.83387,950.723334604553,1733.7343947091,2836.90015053325,0.24857928674794,0.0067278601638838,F0_univariate
SW_013,{:,1,2225,50,long,194.83387,1027.12314219199,1718.81194924551,3006.53585675862,0.24857928674794,0.0067278601638838,F0_univariate
SW_013,{:,1,2225,65,long,194.83387,928.085958408865,1761.88326852194,3010.90846239078,0.24857928674794,0.0067278601638838,F0_univariate
SW_013,{:,1,2225,80,long,194.83387,858.484300800443,1750.05913486685,3014.93566806636,0.24857928674794,0.0067278601638838,F0_univariate
SW_013,{,9,2243,20,short,196.39978,905.11619052743,1790.69134867136,3182.28463123589,0.207101779513891,0.00771416633022266,F0_univariate
SW_013,{,9,2243,35,short,196.39978,941.081871554216,1682.69667230755,2509.13003092632,0.207101779513891,0.00771416633022266,F0_univariate
SW_013,{,9,2243,50,short,196.39978,868.515760790637,1689.76141509726,3006.87170438667,0.207101779513891,0.00771416633022266,F0_univariate
SW_013,{,9,2243,65,short,196.39978,795.975585448605,1700.92154972414,2990.4215057069,0.207101779513891,0.00771416633022266,F0_univariate
SW_013,{,9,2243,80,short,196.39978,741.815507033656,1720.10640545654,2880.06388800313,0.207101779513891,0.00771416633022266,F0_univariate
SW_013,oe1,1,2265,20,long,232.43572,767.050044089338,1404.94884142093,2685.43380561561,0.242126728174242,0.991890114956455,F0_univariate
SW_013,oe1,1,2265,35,long,232.43572,769.908474184079,1520.06240246257,2777.35333833049,0.242126728174242,0.991890114956455,F0_univariate
SW_013,oe1,1,2265,50,long,232.43572,694.281904891628,1455.55375176011,2733.63121726502,0.242126728174242,0.991890114956455,F0_univariate
SW_013,oe1,1,2265,65,long,232.43572,707.682009172878,1450.52433394493,2896.10213637477,0.242126728174242,0.991890114956455,F0_univariate
SW_013,oe1,1,2265,80,long,232.43572,661.788282641501,1413.98699475606,2915.22736334123,0.242126728174242,0.991890114956455,F0_univariate
SW_014,ah1,3,2317,20,short,181.837,704.969675520847,1379.50317592485,2539.61235983388,0.157958984374996,0.00705252889672805,F0_univariate
SW_014,ah1,3,2317,35,short,181.837,711.113721855309,1350.34689912675,2490.63204526362,0.157958984374996,0.00705252889672805,F0_univariate
SW_014,ah1,3,2317,50,short,181.837,716.244009914091,1335.25110436138,2539.17118223995,0.157958984374996,0.00705252889672805,F0_univariate
SW_014,ah1,3,2317,65,short,181.837,722.9788226,1400.5893379,2549.84911633025,0.157958984374996,1.05489594161564e-10,F0_univariate
SW_014,ah1,3,2317,80,short,181.837,669.564762643972,1327.29355243445,2826.94155952899,0.157958984374996,0.00705252889672805,F0_univariate
SW_014,yh1,1,2419,20,short,210.2708,427.02676319034,2442.84660266075,2863.08720987984,0.156203884548631,0.996299069778531,F0_univariate
SW_014,yh1,1,2419,35,short,210.2708,425.089554298285,2402.38428288548,2801.33193218259,0.156203884548631,0.996299069778531,F0_univariate
SW_014,yh1,1,2419,50,short,210.2708,409.396821013744,2477.14525118557,2728.577942581,0.156203884548631,0.996299069778531,F0_univariate
SW_014,yh1,1,2419,65,short,210.2708,397.523992177109,2445.06196224105,2796.41813488839,0.156203884548631,0.996299069778531,F0_univariate
SW_014,yh1,1,2419,80,short,210.2708,398.710154711518,2356.81635372812,2788.57348731232,0.156203884548631,0.996299069778531,F0_univariate
SW_014,ae1,4,2432,20,long,173.956,586.698250201826,2019.07503203896,2811.68237140262,0.322938368055532,0.0037659440780166,F0_univariate
SW_014,ae1,4,2432,35,long,173.956,637.907199351707,2072.93780814527,2985.63998000418,0.322938368055532,0.0037659440780166,F0_univariate
SW_014,ae1,4,2432,50,long,173.956,646.756139864921,1954.30219885583,2829.1190310534,0.322938368055532,0.0037659440780166,F0_univariate
SW_014,ae1,4,2432,65,long,173.956,642.098437933427,1803.3655205458,2724.16582520806,0.322938368055532,0.0037659440780166,F0_univariate
SW_014,ae1,4,2432,80,long,173.956,513.690452480324,1699.07913051067,2804.4939779402,0.322938368055532,0.0037659440780166,F0_univariate
SW_014,{:,9,2457,20,long,177.2591,803.074726684874,1600.14568463948,2652.30790862749,0.329999999999984,0.00172281434922335,F0_univariate
SW_014,{:,9,2457,35,long,177.2591,842.255194843355,1598.2379836634,2691.52787928167,0.329999999999984,0.00172281434922335,F0_univariate
SW_014,{:,9,2457,50,long,177.2591,826.51100304317,1595.6059418722,2860.44189202326,0.329999999999984,0.00172281434922335,F0_univariate
SW_014,{:,9,2457,65,long,177.2591,726.168961,1523.7651523,2782.18936258183,0.329999999999984,0.00172281434922335,F0_univariate
SW_014,{:,9,2457,80,long,177.2591,686.068936641868,1658.91741093995,2800.5224144605,0.329999999999984,0.00172281434922335,F0_univariate
SW_014,oeh1,4,2502,20,short,204.6025,566.393285896065,1766.26927167552,2488.13698280931,0.164979383680532,0.990958384029987,F0_univariate
SW_014,oeh1,4,2502,35,short,204.6025,562.952544535247,1740.68218542008,2464.32868026704,0.164979383680532,0.990958384029987,F0_univariate
SW_014,oeh1,4,2502,50,short,204.6025,607.181520945892,1684.91816124869,2461.62800063486,0.164979383680532,0.990958384029987,F0_univariate
SW_014,oeh1,4,2502,65,short,204.6025,599.887044788562,1672.41851610069,2532.48404964861,0.164979383680532,0.990958384029987,F0_univariate
SW_014,oeh1,4,2502,80,short,204.6025,545.157268904741,1621.94342791883,2661.75678881449,0.164979383680532,0.990958384029987,F0_univariate
SW_014,9:,1,2509,20,long,187.1374,651.886589883426,1433.1394700149,2826.13429708019,0.339999999999975,0.996271658699939,F0_univariate
SW_014,9:,1,2509,35,long,187.1374,725.588552845086,1413.55454386803,2849.72603737621,0.339999999999975,0.996271658699939,F0_univariate
SW_014,9:,1,2509,50,long,187.1374,709.351658097622,1405.37396347462,2860.90989760103,0.339999999999975,0.996271658699939,F0_univariate
SW_014,9:,1,2509,65,long,187.1374,684.741058582873,1427.00359068762,2765.51396747992,0.339999999999975,0.996271658699939,F0_univariate
SW_014,9:,1,2509,80,long,187.1374,628.20879221392,1564.06309861192,2664.49591665702,0.339999999999975,0.996271658699939,F0_univariate
SW_015,oh1,10,2608,20,short,184.025,420.494057538585,925.731523126371,2800.88864666552,0.163907323724686,0.00965730185047436,F0_univariate
SW_015,oh1,10,2608,35,short,184.025,451.882672449164,975.288884589852,2802.73164781773,0.163907323724686,0.00965730185047436,F0_univariate
SW_015,oh1,10,2608,50,short,184.025,437.236286208919,915.368622796653,2834.85658405573,0.163907323724686,0.00965730185047436,F0_univariate
SW_015,oh1,10,2608,65,short,184.025,408.31878072769,1036.04539655343,2848.83125217049,0.163907323724686,0.00965730185047436,F0_univariate
SW_015,oh1,10,2608,80,short,184.025,392.108588544577,1095.2528510277,2835.7544780239,0.163907323724686,0.00965730185047436,F0_univariate
SW_016,eh1,9,2787,20,short,246.7937,565.901916359024,1938.45983178871,2988.30439893933,0.122144662685997,0.993525724390551,F0_univariate
SW_016,eh1,9,2787,35,short,246.7937,502.2683,1934.935524,2979.51415414363,0.122144662685997,0.00022522640823054,F0_univariate
SW_016,eh1,9,2787,50,short,246.7937,540.674255896444,1903.20292177427,2977.45154282462,0.122144662685997,0.993525724390551,F0_univariate
SW_016,eh1,9,2787,65,short,246.7937,548.6031,1888.815,2927.24832843595,0.122144662685997,0.00022522640823054,F0_univariate
SW_016,eh1,9,2787,80,short,246.7937,536.957476732977,1844.93837796033,2949.37943641336,0.122144662685997,0.993525724390551,F0_univariate
SW_016,eh1,20,2887,20,short,207.0930,605.397263337351,1926.64055837604,2872.89527245437,0.131450344901907,0.00102574624633982,F0_univariate
SW_016,eh1,20,2887,35,short,207.0930,617.4272581088,1905.6788844104,2908.91120550094,0.131450344901907,0.00102574624633982,F0_univariate
SW_016,eh1,20,2887,50,short,207.0930,643.827388688126,1962.27800388458,2879.6252503022,0.131450344901907,0.00102574624633982,F0_univariate
SW_016,eh1,20,2887,65,short,207.0930,625.483276220715,1923.9351130725,2904.93383282709,0.131450344901907,0.00102574624633982,F0_univariate
SW_016,eh1,20,2887,80,short,207.0930,553.749491597702,1893.96588961609,2903.09735739956,0.131450344901907,0.00102574624633982,F0_univariate
SW_016,oh1,5,2823,20,short,196.801,410.750037249357,844.890526775723,2516.52238968376,0.161882028471751,0.005396998740968,F0_univariate
SW_016,oh1,5,2823,35,short,196.801,396.026279147363,826.177525846355,2494.0146465758,0.161882028471751,0.005396998740968,F0_univariate
SW_016,oh1,5,2823,50,short,196.801,407.905403073433,760.698139370969,2536.41666230403,0.161882028471751,0.005396998740968,F0_univariate
SW_016,oh1,5,2823,65,short,196.801,476.646218196819,765.528944760558,2520.7189858823,0.161882028471751,0.005396998740968,F0_univariate
SW_016,oh1,5,2823,80,short,196.801,436.414333636701,899.661052970668,2613.13033480735,0.161882028471751,0.005396998740968,F0_univariate
SW_016,yy1,10,2857,20,long,188.989944130282,410.685997765183,1843.26441878574,3354.9667356264,0.240799517351718,0.99205388005264,F0_univariate
SW_016,yy1,10,2857,35,long,188.989944130282,398.301532154002,1746.1251960205,3190.39411631022,0.240799517351718,0.99205388005264,F0_univariate
SW_016,yy1,10,2857,50,long,188.989944130282,380.685962143772,1733.44043327853,3287.042926465,0.240799517351718,0.99205388005264,F0_univariate
SW_016,yy1,10,2857,65,long,188.989944130282,370.993253932316,1766.02328804193,3376.08564102925,0.240799517351718,0.99205388005264,F0_univariate
SW_016,yy1,10,2857,80,long,188.989944130282,363.3549301742,1847.36120224245,3311.97068831587,0.240799517351718,0.99205388005264,F0_univariate
SW_016,oeh1,8,2944,20,short,197.062,511.747070449629,1606.82483670995,3319.53150887618,0.161882028471723,0.00237653274554868,F0_univariate
SW_016,oeh1,8,2944,35,short,197.062,526.179102863896,1547.93001365008,2282.79159505442,0.161882028471723,0.00237653274554868,F0_univariate
SW_016,oeh1,8,2944,50,short,197.062,562.493447274962,1582.1132903947,2562.08564057935,0.161882028471723,0.00237653274554868,F0_univariate
SW_016,oeh1,8,2944,65,short,197.062,527.14834964165,1555.27244089633,2561.86629578135,0.161882028471723,0.00237653274554868,F0_univariate
SW_016,oeh1,8,2944,80,short,197.062,474.877427964891,1534.8238481176,2787.81673265189,0.161882028471723,0.00237653274554868,F0_univariate
SW_017,ee1,1,2987,20,long,245.30454,470.450314899038,2325.28212231075,2910.46889090209,0.165499960169129,0.994502419027244,F0_univariate
SW_017,ee1,1,2987,35,long,245.30454,482.768561848773,2308.78835527823,2813.50866741042,0.165499960169129,0.994502419027244,F0_univariate
SW_017,ee1,1,2987,50,long,245.30454,488.338614685988,2172.99140502837,2824.63541600691,0.165499960169129,0.994502419027244,F0_univariate
SW_017,ee1,1,2987,65,long,245.30454,489.962411489086,1945.04680665773,2748.04824044863,0.165499960169129,0.994502419027244,F0_univariate
SW_017,ee1,1,2987,80,long,245.30454,529.393306661912,1669.59950351797,2632.1145326687,0.165499960169129,0.994502419027244,F0_univariate
SW_017,{,1,3117,20,short,187.015,840.618899527219,1700.27543869745,2864.91607665339,0.147717350980486,0.00214749343851014,F0_univariate
SW_017,{,1,3117,35,short,187.015,779.323386710612,1695.35516978607,2622.3300585722,0.147717350980486,0.00214749343851014,F0_univariate
SW_017,{,1,3117,50,short,187.015,850.030755706319,1660.70203607158,2948.19054911809,0.147717350980486,0.00214749343851014,F0_univariate
SW_017,{,1,3117,65,short,187.015,823.700584034105,1714.47069265448,2879.606722875,0.147717350980486,0.00214749343851014,F0_univariate
SW_017,{,1,3117,80,short,187.015,759.717763783496,1759.74018821854,2870.12938454673,0.147717350980486,0.00214749343851014,F0_univariate
SW_017,oe1,12,3170,20,long,170.83,605.343168837363,1224.8769795384,2634.59838397846,0.245978167179601,0.00140002934544625,F0_univariate
SW_017,oe1,12,3170,35,long,170.83,612.311250363864,1223.55344137542,2565.00350257103,0.245978167179601,0.00934300228381185,F0_univariate
SW_017,oe1,12,3170,50,long,170.83,587.337643350563,1261.08720197413,2561.09618213486,0.245978167179601,0.00934300228381185,F0_univariate
SW_017,oe1,12,3170,65,long,170.83,574.256333331139,1321.18112969353,2560.14973452764,0.245978167179601,0.00140002934544625,F0_univariate
SW_017,oe1,12,3170,80,long,170.83,576.864191381621,1456.66963081294,2569.29182149185,0.245978167179601,0.00140002934544625,F0_univariate
SW_018,eh1,13,3319,20,short,201.38125397181,776.225617647218,2250.42867099275,3176.51882156927,0.112894560426014,0.992380966603218,F0_univariate
SW_018,eh1,13,3319,35,short,201.38125397181,787.564575716478,2252.023783378,3082.82886031126,0.112894560426014,0.992380966603218,F0_univariate
SW_018,eh1,13,3319,50,short,201.38125397181,747.250708654395,2197.58671149784,3026.35022958296,0.112894560426014,0.992380966603218,F0_univariate
SW_018,eh1,13,3319,65,short,201.38125397181,679.584978991841,2170.53971007286,3209.54537866412,0.112894560426014,0.992380966603218,F0_univariate
SW_018,eh1,13,3319,80,short,201.38125397181,577.871969329454,2185.05519740497,3205.93843930113,0.112894560426014,0.992380966603218,F0_univariate
SW_018,ih1,1,3237,20,short,174.743,389.463428113627,2807.42810254318,3193.1732224766,0.13126420001592,0.99480374167304,F0_univariate
SW_018,ih1,1,3237,35,short,174.743,373.408086135828,2848.59038563101,2923.11773036375,0.13126420001592,0.99480374167304,F0_univariate
SW_018,ih1,1,3237,50,short,174.743,351.008914756058,2875.4201731376,3038.25553083161,0.13126420001592,0.99480374167304,F0_univariate
SW_018,ih1,1,3237,65,short,174.743,337.26145149666,2869.01802864832,3146.51233571526,0.13126420001592,0.99480374167304,F0_univariate
SW_018,ih1,1,3237,80,short,174.743,343.1671176515,2823.49873314452,3161.1098112908,0.13126420001592,0.99480374167304,F0_univariate
SW_019,aa1,1,3407,20,long,217.003622511331,768.668486612494,1029.07485257288,2806.05222876758,0.14,0.991277653818438,F0_univariate
SW_019,aa1,1,3407,35,long,217.003622511331,745.190947217836,1037.00940127765,2687.27080462532,0.14,0.991277653818438,F0_univariate
SW_019,aa1,1,3407,50,long,217.003622511331,717.794312698777,1027.02847102535,2627.81343326014,0.14,0.991277653818438,F0_univariate
SW_019,aa1,1,3407,65,long,217.003622511331,840.476105397967,957.697340828582,2827.16123078912,0.14,0.991277653818438,F0_univariate
SW_019,aa1,1,3407,80,long,217.003622511331,765.098540821933,1107.27337008692,2946.87481476592,0.14,0.991277653818438,F0_univariate
SW_019,eh1,12,3538,20,short,183.714358834152,711.260137463684,2270.56813614598,2634.87659452758,0.100000000000023,0.00240462265590121,F0_univariate
SW_019,eh1,12,3538,35,short,183.714358834152,719.876979739155,2248.85723137677,2646.76901072535,0.100000000000023,0.00240462265590121,F0_univariate
SW_019,eh1,12,3538,50,short,183.714358834152,713.75428374692,2208.26397614434,2729.74600160078,0.100000000000023,0.00240462265590121,F0_univariate
SW_019,eh1,12,3538,65,short,183.714358834152,689.659713323119,2073.4707373602,2750.75666939386,0.100000000000023,0.00240462265590121,F0_univariate
SW_019,eh1,12,3538,80,short,183.714358834152,649.693809667944,1920.8384724619,2803.3891508842,0.100000000000023,0.00240462265590121,F0_univariate
SW_019,oo1,1,3467,20,long,192.835,447.984684837413,914.394245702866,2908.11085075049,0.212998,0.991380425008415,F0_univariate
SW_019,oo1,1,3467,35,long,192.835,426.550237586084,882.984990349895,2872.9352677146,0.212998,0.991380425008415,F0_univariate
SW_019,oo1,1,3467,50,long,192.835,410.960527024359,869.834791893804,2769.51404709351,0.212998,0.991380425008415,F0_univariate
SW_019,oo1,1,3467,65,long,192.835,388.115152051892,812.327982164365,2816.29102253275,0.212998,0.991380425008415,F0_univariate
SW_019,oo1,1,3467,80,long,192.835,387.893023017017,779.295284893254,3097.51799667286,0.212998,0.991380425008415,F0_univariate
SW_020,ah1,7,3643,20,short,168.64,906.232807214229,1424.90792570507,3043.44892775182,0.0900000000000034,0.00462027331688781,F0_univariate
SW_020,ah1,7,3643,35,short,168.64,895.06469129064,1433.90425336773,2885.25581962936,0.0900000000000034,0.00462027331688781,F0_univariate
SW_020,ah1,7,3643,50,short,168.64,855.406633500205,1406.97528539408,2817.86340154227,0.0900000000000034,0.00462027331688781,F0_univariate
SW_020,ah1,7,3643,65,short,168.64,816.263385635908,1374.17109311054,2696.57644670547,0.0900000000000034,0.00462027331688781,F0_univariate
SW_020,ah1,7,3643,80,short,168.64,754.789162816556,1346.10375470932,2695.85815410579,0.0900000000000034,0.00462027331688781,F0_univariate
SW_021,aa1,12,3859,20,long,207.0506,678.526273765321,944.443739825402,2831.88927568835,0.229999999999997,0.00188527153822883,F0_univariate
SW_021,aa1,12,3859,35,long,207.0506,699.491845930587,934.950998753206,2780.39378223923,0.229999999999997,0.00188527153822883,F0_univariate
SW_021,aa1,12,3859,50,long,207.0506,717.99624330379,910.528473457161,2763.20238689733,0.229999999999997,0.00188527153822883,F0_univariate
SW_021,aa1,12,3859,65,long,207.0506,688.423510938514,916.631301862021,2881.78876116185,0.229999999999997,0.00188527153822883,F0_univariate
SW_021,aa1,12,3859,80,long,207.0506,669.889335060235,969.961365508998,2891.66325356538,0.229999999999997,0.00188527153822883,F0_univariate
SW_021,yh1,2,3962,20,short,282.3475,354.693937497694,2517.09715559675,2939.35012790861,0.0623961216029727,0.990895301727119,F0_univariate
SW_021,yh1,2,3962,35,short,284.326721114135,348.703317,2539.2992,2928.08862014395,0.0623961216029727,0.992938347553953,F0_univariate
SW_021,yh1,2,3962,50,short,282.3475,362.101188561687,2534.09112350909,2951.42376749912,0.0623961216029727,0.990895301727119,F0_univariate
SW_021,yh1,2,3962,65,short,282.3475,409.601205432941,2492.08060724463,3017.30452598816,0.0623961216029727,0.990895301727119,F0_univariate
SW_021,yh1,2,3962,80,short,282.3475,444.214608574971,2386.09259087026,3031.32111728665,0.0623961216029727,0.990895301727119,F0_univariate
SW_021,ae1,11,3996,20,long,245.730266040476,908.09894611613,1615.8771353157,2704.4244617145,0.157958984375,0.992696174938396,F0_univariate
SW_021,ae1,11,3996,35,long,245.730266040476,923.238456035597,1556.27988059846,2718.77694440796,0.157958984375,0.992696174938396,F0_univariate
SW_021,ae1,11,3996,50,long,245.730266040476,928.799646682269,1535.2501597245,2671.38112230828,0.157958984375,0.992696174938396,F0_univariate
SW_021,ae1,11,3996,65,long,245.730266040476,924.271797137751,1514.77200509424,2838.66745780664,0.157958984375,0.992696174938396,F0_univariate
SW_021,ae1,11,3996,80,long,245.730266040476,886.514376581159,1490.4846367062,2828.73110575417,0.157958984375,0.992696174938396,F0_univariate
SW_022,ah1,7,4087,20,short,170.0239,659.030928653715,1242.95915826168,3091.89308068739,0.177935915577173,0.00200849899563176,F0_univariate
SW_022,ah1,7,4087,35,short,170.0239,681.581174895687,1217.32599358508,3119.94715913454,0.177935915577173,0.00200849899563176,F0_univariate
SW_022,ah1,7,4087,50,short,170.0239,630.195202793723,1190.13772990829,3078.33452801578,0.177935915577173,0.00200849899563176,F0_univariate
SW_022,ah1,7,4087,65,short,170.0239,612.129610788005,1157.35172371742,3035.46878795727,0.177935915577173,0.00200849899563176,F0_univariate
SW_022,ah1,7,4087,80,short,170.0239,568.252437100962,1109.94265818996,2955.24170642823,0.177935915577173,0.00200849899563176,F0_univariate
SW_022,eh1,11,4201,20,short,198.17554857971,636.658395236398,2056.39283351091,2978.21510978979,0.118137780014308,0.993116922127403,F0_univariate
SW_022,eh1,11,4201,35,short,198.17554857971,660.032204727777,2030.85794636191,2969.37736726355,0.118137780014308,0.993116922127403,F0_univariate
SW_022,eh1,11,4201,50,short,198.17554857971,667.837627620525,1904.56018539248,2952.34534909953,0.118137780014308,0.993116922127403,F0_univariate
SW_022,eh1,11,4201,65,short,198.17554857971,700.079736294922,1690.05789823501,2937.2552060308,0.118137780014308,0.993116922127403,F0_univariate
SW_022,eh1,11,4201,80,short,198.17554857971,672.032860951128,1570.85908638971,2893.35085401448,0.118137780014308,0.993116922127403,F0_univariate
SW_022,oo1,1,4131,20,long,196.3388,416.123718999296,906.214410243744,2980.17653036805,0.164848366833183,0.995809715379773,F0_univariate
SW_022,oo1,1,4131,35,long,196.3388,431.128660746401,877.068978963666,2970.61813641225,0.164848366833183,0.995809715379773,F0_univariate
SW_022,oo1,1,4131,50,long,196.3388,384.636927827848,840.905222022632,2638.49311256489,0.164848366833183,0.995809715379773,F0_univariate
SW_022,oo1,1,4131,65,long,196.3388,355.051810139887,749.918638170268,2805.76542316734,0.164848366833183,0.995809715379773,F0_univariate
SW_022,oo1,1,4131,80,long,196.3388,337.985320401897,961.833169753501,2871.84585202887,0.164848366833183,0.995809715379773,F0_univariate
SW_022,uh1,10,4170,20,short,157.6919,493.903776575367,1338.13754364356,2763.98783870856,0.148766093351412,0.00466960906697256,F0_univariate
SW_022,uh1,10,4170,35,short,157.6919,475.531041257758,1254.72450802618,2766.56949635785,0.148766093351412,0.00466960906697256,F0_univariate
SW_022,uh1,10,4170,50,short,157.6919,452.921225679421,1215.11791914469,2813.90664356609,0.148766093351412,0.00466960906697256,F0_univariate
SW_022,uh1,10,4170,65,short,157.6919,440.518552873939,1211.77887638671,2891.33729404453,0.148766093351412,0.00466960906697256,F0_univariate
SW_022,uh1,10,4170,80,short,157.6919,400.050015881094,1217.05079949322,2915.94718272217,0.148766093351412,0.00466960906697256,F0_univariate
SW_022,{,6,4226,20,short,177.6892,741.450895036633,1417.56290437651,3064.3492408758,0.187605689252621,0.00448149643777816,F0_univariate
SW_022,{,6,4226,35,short,177.6892,774.254045239828,1506.71944667412,3018.49710838704,0.187605689252621,0.00448149643777816,F0_univariate
SW_022,{,6,4226,50,short,177.6892,567.390692,1351.1273808,2924.45931022383,0.187605689252621,0.00448149643777816,F0_univariate
SW_022,{,6,4226,65,short,177.6892,499.080956935529,1550.14245463992,3167.68148480205,0.187605689252621,0.00448149643777816,F0_univariate
SW_022,{,6,4226,80,short,177.6892,458.95404745049,1633.51459891328,3105.01162768629,0.187605689252621,0.00448149643777816,F0_univariate
SW_022,oeh1,10,4270,20,short,180.48028,637.969246349136,1486.96626412358,2709.76703007385,0.137098164461122,0.00236869907704871,F0_univariate
SW_022,oeh1,10,4270,35,short,180.48028,586.271314819166,1366.64981415171,2689.50507422388,0.137098164461122,0.00236869907704871,F0_univariate
SW_022,oeh1,10,4270,50,short,180.48028,548.903950632569,1315.20703681158,2706.54908835887,0.137098164461122,0.00236869907704871,F0_univariate
SW_022,oeh1,10,4270,65,short,180.48028,539.8894723,1283.770375,2772.13964489824,0.137098164461122,0.00236869907704871,F0_univariate
SW_022,oeh1,10,4270,80,short,180.48028,501.384935015456,1208.80798869315,2861.7577084029,0.137098164461122,0.00236869907704871,F0_univariate
SW_023,ee1,10,4320,20,long,212.1506,431.918581711003,2630.62128378883,3225.05644275022,0.249729256950104,0.99224302818553,F0_univariate
SW_023,ee1,10,4320,35,long,212.1506,427.274859841622,2630.25672316523,3353.41857138858,0.249729256950104,0.99224302818553,F0_univariate
SW_023,ee1,10,4320,50,long,212.1506,419.637107033778,2631.00851064493,3212.52901150406,0.249729256950104,0.99224302818553,F0_univariate
SW_023,ee1,10,4320,65,long,212.1506,407.584655945088,2449.79476962255,3135.00276526292,0.249729256950104,0.99224302818553,F0_univariate
SW_023,ee1,10,4320,80,long,212.1506,555.287203476622,2120.27945524688,3123.41652846584,0.249729256950104,0.99224302818553,F0_univariate
SW_024,eh1,3,4540,20,short,204.3467,680.94498595956,2181.61127010979,3014.39306949651,0.109999999999999,0.000112971145948649,F0_univariate
SW_024,eh1,3,4540,35,short,204.3467,689.182707775848,2116.4041335351,2972.1185896002,0.109999999999999,0.000112971145948649,F0_univariate
SW_024,eh1,3,4540,50,short,204.3467,682.996081684779,2079.34213690827,2958.54786099559,0.109999999999999,0.000112971145948649,F0_univariate
SW_024,eh1,3,4540,65,short,204.3467,669.836699407755,2023.15114796691,2973.39717079891,0.109999999999999,0.000112971145948649,F0_univariate
SW_024,eh1,3,4540,80,short,204.3467,666.387116087576,1933.28302261633,3015.02158810625,0.109999999999999,0.000112971145948649,F0_univariate
SW_024,uh1,1,4601,20,short,219.723,452.54975770171,1304.36418129695,2492.76749463477,0.096091715494822,0.00975032200597951,F0_univariate
SW_024,uh1,1,4601,35,short,219.723,444.351842981355,1312.9516909031,2512.51453503149,0.096091715494822,0.00975032200597951,F0_univariate
SW_024,uh1,1,4601,50,short,219.723,434.546476037093,1305.68156142375,2527.44662128176,0.096091715494822,0.00975032200597951,F0_univariate
SW_024,uh1,1,4601,65,short,219.723,429.29062707903,1337.5630447166,2551.70008334661,0.096091715494822,0.00975032200597951,F0_univariate
SW_024,uh1,1,4601,80,short,219.723,443.401563895049,1404.57654726726,2568.71759952359,0.096091715494822,0.00975032200597951,F0_univariate
SW_024,oeh1,10,4710,20,short,237.131,626.057020834146,1643.99775840683,2653.15101328013,0.154600057796642,0.0028732802129191,F0_univariate
SW_024,oeh1,10,4710,35,short,237.131,654.7558844857,1746.68208550024,2668.9730734439,0.154600057796642,0.0028732802129191,F0_univariate
SW_024,oeh1,10,4710,50,short,237.131,651.223675258889,1694.68356532884,2668.51041119841,0.154600057796642,0.0028732802129191,F0_univariate
SW_024,oeh1,10,4710,65,short,237.131,607.825675511169,1631.13874865543,2681.89202664445,0.154600057796642,0.0028732802129191,F0_univariate
SW_024,oeh1,10,4710,80,short,237.131,557.550358678219,1603.16406473645,2812.84978408996,0.154600057796642,0.0028732802129191,F0_univariate